property_id,neighborhood_ar,neighborhood_key,property_type,annual_rent_sar,area_sqm,bedrooms,bathrooms,living_rooms,furnished,ac,lift,maid_room,driver_room,pool,created_at,log_annual_rent,price_outlier_iqr,area_flag
6516181,العليا,العليا,Floor,105000.0,102.0,2,,,0,0,0,0,0,0,2025-12-22 07:25:33+00:00,11.56171562913966,False,False
6479084,العليا,العليا,Apartments,55000.0,50.0,1,1,,1,1,0,0,0,0,2025-11-24 12:28:39+00:00,10.915088464214607,False,False
6462507,بدر,بدر,Apartments,16000.0,80.0,2,,,0,0,0,0,0,0,2025-11-10 22:26:32+00:00,9.680344001221918,False,False
6496667,النرجس,النرجس,Villas,135000.0,373.0,3,5,3,0,1,0,0,0,0,2025-12-07 15:38:29+00:00,11.813030057420567,False,False
6522462,الحمراء,الحمراء,Apartments,45000.0,600.0,3,2,1,0,1,0,0,0,0,2025-12-26 19:56:29+00:00,10.714417768752456,False,False
6490057,العارض,العارض,Apartments,40000.0,50.0,2,1,1,0,1,1,0,0,0,2025-12-02 14:00:40+00:00,10.596634733096073,False,False
6502160,العارض,العارض,Apartments,23000.0,40.0,1,1,1,1,1,0,0,0,0,2025-12-10 22:23:58+00:00,10.043249494911286,False,False
6374074,النرجس,النرجس,Villas,150000.0,360.0,4,5,3,0,1,1,1,1,0,2025-09-09 11:20:22+00:00,11.918390573078392,False,False
6410246,المصيف,المصيف,Apartments,124999.0,157.0,3,4,1,1,1,1,0,0,0,2025-10-04 16:28:31+00:00,11.736061016252439,True,False
6519867,العارض,العارض,Villas,120000.0,420.0,6,5,3,0,1,0,1,0,0,2025-12-24 15:52:47+00:00,11.695247021764184,False,False
6486817,النهضه,النهضه,Apartments,38000.0,375.0,3,2,1,0,0,0,0,0,0,2025-11-30 13:21:22+00:00,10.545341438708522,False,False
6422612,العقيق,العقيق,Apartments,42000.0,60.0,1,1,1,0,1,1,0,0,0,2025-10-13 17:30:55+00:00,10.645424897265505,False,False
6491563,ظهره نمار,ظهره نمار,Apartments,35000.0,756.0,3,2,1,0,0,1,0,0,0,2025-12-03 13:09:08+00:00,10.46310334047155,False,False
6481959,اشبيليه,اشبيليه,Apartments,38000.0,500.0,4,2,1,0,0,0,0,0,0,2025-11-26 11:30:27+00:00,10.545341438708522,False,False
6458323,العقيق,العقيق,Apartments,56000.0,100.0,2,1,1,0,1,1,0,0,0,2025-11-08 10:42:58+00:00,10.933106969717286,False,False
6472327,اشبيليه,اشبيليه,Apartments,38000.0,550.0,4,2,1,0,0,0,0,0,0,2025-11-18 15:41:57+00:00,10.545341438708522,False,False
6502054,قرطبه,قرطبه,Apartments,33000.0,591.0,1,2,1,1,1,1,0,0,0,2025-12-10 20:42:38+00:00,10.404262840448617,False,False
6491800,المونسيه,المونسيه,Apartments,80000.0,119.0,3,,,0,0,0,0,0,0,2025-12-03 15:18:09+00:00,11.289781913656018,False,False
6491519,العقيق,العقيق,Apartments,66000.0,150.0,3,2,1,0,1,1,0,0,0,2025-12-03 12:43:15+00:00,11.097410021008562,False,False
6451032,الملقا,الملقا,Floor,85000.0,805.0,6,3,1,0,0,0,0,0,0,2025-11-02 19:32:46+00:00,11.350406535472453,False,False
6510773,النرجس,النرجس,Apartments,90000.0,111.0,3,3,0,0,1,1,0,0,0,2025-12-17 16:05:45+00:00,11.407564949312402,False,False
6399032,النسيم الغربي,النسيم الغربي,Villas,100000.0,525.0,,5,5,0,0,0,0,0,0,2025-09-26 14:37:27+00:00,11.512925464970229,False,False
6473949,القادسيه,القادسيه,Apartments,55000.0,128.0,4,3,2,0,1,1,0,0,0,2025-11-19 18:14:08+00:00,10.915088464214607,False,False
6500953,القيروان,القيروان,Apartments,75000.0,210.0,2,3,1,0,0,0,0,0,0,2025-12-10 08:52:46+00:00,11.225243392518447,False,False
6330928,العليا,العليا,Apartments,63500.0,72.0,1,1,1,0,1,0,0,0,0,2025-08-14 06:58:37+00:00,11.058795184880783,False,False
6393478,العقيق,العقيق,Floor,100000.0,400.0,3,3,2,0,1,0,0,0,0,2025-09-22 10:47:48+00:00,11.512925464970229,False,False
6410464,الياسمين,الياسمين,Apartments,80000.0,183.0,3,,,0,0,0,0,0,0,2025-10-04 19:05:20+00:00,11.289781913656018,False,False
6448136,الملقا,الملقا,Apartments,125000.0,135.0,3,3,1,1,1,1,0,0,0,2025-10-31 17:25:17+00:00,11.736069016284437,True,False
6370781,الملقا,الملقا,Apartments,65000.0,120.0,4,4,1,0,1,1,0,0,0,2025-09-07 06:55:04+00:00,11.082142548877775,False,False
6482105,العليا,العليا,Apartments,33000.0,70.0,1,1,0,1,1,0,0,0,0,2025-11-26 13:32:29+00:00,10.404262840448617,False,False
6443980,القيروان,القيروان,Apartments,115000.0,127.0,3,3,1,0,1,1,0,0,0,2025-10-28 13:12:16+00:00,11.652687407345388,False,False
6467497,العقيق,العقيق,Apartments,95000.0,158.0,3,3,2,0,1,1,0,0,0,2025-11-15 09:08:25+00:00,11.461632170582678,False,False
6456871,النخيل,النخيل,Apartments,85000.0,100.0,3,2,1,0,1,0,0,0,0,2025-11-06 17:40:53+00:00,11.350406535472453,False,False
6522691,العارض,العارض,Apartments,39000.0,448.0,2,1,1,0,1,1,0,0,0,2025-12-27 07:05:20+00:00,10.571316925111784,False,False
6445085,حطين,حطين,Apartments,155000.0,131.0,4,3,2,1,1,1,0,0,0,2025-10-29 09:27:03+00:00,11.951180395901384,True,False
6506863,الملقا,الملقا,Apartments,50000.0,1074.0,3,2,1,0,0,1,0,0,0,2025-12-14 19:37:08+00:00,10.819778284410283,False,True
6482222,الورود,الورود,Apartments,35000.0,1.0,1,1,1,0,1,1,0,0,0,2025-11-26 14:36:44+00:00,10.46310334047155,False,False
6462401,الملقا,الملقا,Apartments,110000.0,130.0,4,3,1,1,1,1,0,0,0,2025-11-10 20:28:45+00:00,11.608235644774552,False,False
6499781,السعاده,السعاده,Apartments,40000.0,500.0,4,2,1,0,0,0,0,0,0,2025-12-09 13:13:09+00:00,10.596634733096073,False,False
6489168,الرايد,الرايد,Apartments,140000.0,220.0,3,5,2,0,1,1,0,0,0,2025-12-01 20:33:43+00:00,11.84939770159144,True,False
6443599,النرجس,النرجس,Apartments,80000.0,173.0,2,3,1,0,1,0,0,0,0,2025-10-28 08:34:29+00:00,11.289781913656018,False,False
6498770,الياسمين,الياسمين,Apartments,55000.0,50.0,2,1,1,1,1,0,0,0,0,2025-12-08 19:08:55+00:00,10.915088464214607,False,False
6504861,العارض,العارض,Apartments,60000.0,375.0,2,2,1,1,1,0,0,0,0,2025-12-13 14:06:29+00:00,11.002099841204238,False,False
6308035,العارض,العارض,Apartments,80000.0,133.0,4,3,1,0,1,1,0,0,0,2025-07-30 09:33:17+00:00,11.289781913656018,False,False
6494124,طويق,طويق,Apartments,28000.0,363.0,2,2,1,0,0,0,0,0,0,2025-12-05 14:16:16+00:00,10.239959789157341,False,False
6435118,النهضه,النهضه,Apartments,60000.0,158.0,3,3,1,0,0,0,0,0,0,2025-10-22 09:25:20+00:00,11.002099841204238,False,False
6373624,القيروان,القيروان,Apartments,90000.0,150.0,3,4,1,0,1,1,0,0,0,2025-09-08 22:07:56+00:00,11.407564949312402,False,False
6321947,اليرموك,اليرموك,Apartments,11000.0,136.0,3,2,1,1,1,1,0,0,0,2025-08-08 14:18:04+00:00,9.305650551780507,False,False
6269139,النرجس,النرجس,Apartments,75000.0,85.0,2,3,1,1,1,1,0,0,0,2025-07-01 20:06:34+00:00,11.225243392518447,False,False
6487366,الورود,الورود,Villas,275000.0,520.0,4,5,4,0,1,0,1,1,0,2025-11-30 18:32:51+00:00,12.524526376648708,True,False
6475422,الياسمين,الياسمين,Apartments,56000.0,312.0,3,2,1,1,1,0,0,0,0,2025-11-20 20:34:55+00:00,10.933106969717286,False,False
6231983,الملقا,الملقا,Apartments,180000.0,123.0,3,3,1,1,1,1,0,0,0,2025-05-28 15:31:16+00:00,12.100712129872347,True,False
6507989,الصحافه,الصحافه,Apartments,58200.0,390.0,3,2,1,0,1,0,0,0,0,2025-12-15 16:16:58+00:00,10.97164063371953,False,False
6414496,النرجس,النرجس,Apartments,60000.0,160.0,4,3,1,0,0,0,0,0,0,2025-10-07 17:16:31+00:00,11.002099841204238,False,False
6200237,الرمال,الرمال,Apartments,39000.0,396.0,3,2,1,0,1,0,0,0,0,2025-05-07 21:55:01+00:00,10.571316925111784,False,False
6421636,الرمال,الرمال,Apartments,90000.0,166.0,3,,,0,0,0,0,0,0,2025-10-13 08:56:06+00:00,11.407564949312402,False,False
6424675,الرمال,الرمال,Apartments,60000.0,135.0,3,3,1,0,0,0,0,0,0,2025-10-15 06:37:01+00:00,11.002099841204238,False,False
6459284,الصحافه,الصحافه,Apartments,160000.0,104.0,2,2,1,1,1,1,0,0,0,2025-11-08 21:38:34+00:00,11.982929094215963,True,False
6519164,الرفيعه,الرفيعه,Villas,200000.0,500.0,7,5,2,0,0,0,1,1,0,2025-12-24 07:42:59+00:00,12.206072645530174,False,False
6447282,المهديه,المهديه,Apartments,50000.0,225.0,2,2,1,1,0,0,0,0,0,2025-10-30 17:32:53+00:00,10.819778284410283,False,False
6502638,المهديه,المهديه,Apartments,65000.0,427.0,3,2,1,1,1,0,0,0,0,2025-12-11 11:36:42+00:00,11.082142548877775,False,False
6434857,المونسيه,المونسيه,Apartments,75000.0,118.0,3,2,1,1,1,1,0,0,0,2025-10-21 23:06:42+00:00,11.225243392518447,False,False
6484798,الملقا,الملقا,Apartments,58000.0,750.0,3,2,0,0,1,0,0,0,0,2025-11-28 18:59:11+00:00,10.968198289528557,False,False
6487803,المهديه,المهديه,Apartments,32500.0,444.0,2,1,1,0,0,0,0,0,0,2025-12-01 07:06:09+00:00,10.388995368317829,False,False
6100708,الروضه,الروضه,Apartments,36000.0,40.0,1,1,0,1,1,1,0,0,0,2025-02-10 21:25:03+00:00,10.491274217438248,False,False
6461365,النرجس,النرجس,Apartments,85000.0,129.0,4,,,0,0,0,0,0,0,2025-11-10 10:46:00+00:00,11.350406535472453,False,False
6333157,الصحافه,الصحافه,Apartments,60000.0,139.0,3,2,1,0,1,1,0,0,0,2025-08-15 14:32:37+00:00,11.002099841204238,False,False
6472926,المونسيه,المونسيه,Apartments,38000.0,420.0,1,1,1,0,0,0,0,0,0,2025-11-19 05:25:12+00:00,10.545341438708522,False,False
6521938,الملقا,الملقا,Apartments,85000.0,151.0,4,,,0,0,0,0,0,0,2025-12-26 10:45:41+00:00,11.350406535472453,False,False
6454595,العارض,العارض,Apartments,80000.0,123.0,3,3,1,0,1,1,0,0,0,2025-11-05 09:38:33+00:00,11.289781913656018,False,False
6441820,الوادي,الوادي,Villas,265000.0,50000.0,4,5,2,1,1,0,1,1,0,2025-10-27 05:33:50+00:00,12.487485104968359,True,True
6390403,العارض,العارض,Villas,110000.0,210.0,6,5,2,0,1,0,1,0,0,2025-09-20 13:25:01+00:00,11.608235644774552,False,False
6499058,الحزم,الحزم,Apartments,50000.0,143.0,3,3,1,0,0,1,0,0,0,2025-12-08 22:55:20+00:00,10.819778284410283,False,False
6360992,قرطبه,قرطبه,Apartments,75000.0,125.0,3,2,1,1,0,1,0,0,0,2025-09-01 08:15:59+00:00,11.225243392518447,False,False
6387078,ظهره لبن,ظهره لبن,Apartments,60000.0,158.0,4,3,2,0,1,1,0,0,0,2025-09-17 17:14:17+00:00,11.002099841204238,False,False
6468062,العارض,العارض,Apartments,60000.0,140.0,3,3,1,0,1,1,0,0,0,2025-11-15 16:30:51+00:00,11.002099841204238,False,False
6314155,العارض,العارض,Villas,130000.0,194.0,6,3,1,0,0,0,0,0,0,2025-08-03 17:17:33+00:00,11.77528972943772,False,False
6509871,النرجس,النرجس,Apartments,80000.0,129.0,3,,,0,0,0,0,0,0,2025-12-16 23:43:55+00:00,11.289781913656018,False,False
6455296,الملك فهد,الملك فهد,Apartments,21000.0,30.0,1,1,,0,1,0,0,0,0,2025-11-05 16:09:39+00:00,9.95227771670556,False,False
6521255,الياسمين,الياسمين,Apartments,23000.0,30.0,1,1,0,0,1,1,0,0,0,2025-12-25 15:19:38+00:00,10.043249494911286,False,False
6425599,القادسيه,القادسيه,Apartments,60000.0,144.0,3,3,2,0,1,1,0,0,0,2025-10-15 17:00:45+00:00,11.002099841204238,False,False
6471965,الملك فهد,الملك فهد,Apartments,30000.0,27.0,1,1,0,0,1,0,0,0,0,2025-11-18 11:32:40+00:00,10.308952660644293,False,False
6524110,النهضه,النهضه,Apartments,53000.0,450.0,3,2,1,0,0,0,0,0,0,2025-12-28 11:26:59+00:00,10.87804719253426,False,False
6504321,الغدير,الغدير,Apartments,33000.0,100.0,1,1,1,0,1,0,0,0,0,2025-12-12 22:41:20+00:00,10.404262840448617,False,False
6525246,اليرموك,اليرموك,Floor,80000.0,159.0,3,,,0,0,0,0,0,0,2025-12-29 08:10:20+00:00,11.289781913656018,False,False
6520657,المصيف,المصيف,Villas,140000.0,223.0,3,5,1,0,1,0,0,0,0,2025-12-25 08:32:57+00:00,11.84939770159144,False,False
6494722,المونسيه,المونسيه,Apartments,70000.0,129.0,4,,,0,0,0,0,0,0,2025-12-06 09:39:47+00:00,11.156250521031495,False,False
6498114,المونسيه,المونسيه,Apartments,67000.0,152.0,4,3,1,0,1,1,0,0,0,2025-12-08 14:08:51+00:00,11.112447898373103,False,False
6314606,المونسيه,المونسيه,Floor,50000.0,312.0,5,2,1,0,0,0,0,0,0,2025-08-03 22:20:31+00:00,10.819778284410283,False,False
6525573,العليا,العليا,Apartments,24000.0,50.0,1,1,0,0,1,0,0,0,0,2025-12-29 12:12:51+00:00,10.085809109330082,False,False
6507665,النرجس,النرجس,Apartments,20000.0,40.0,1,,,0,0,0,0,0,0,2025-12-15 13:08:37+00:00,9.903487552536127,False,False
6327010,المهديه,المهديه,Apartments,55000.0,141.0,3,3,2,0,1,0,0,0,0,2025-08-12 00:49:47+00:00,10.915088464214607,False,False
6346020,الخليج,الخليج,Apartments,19000.0,50.0,1,1,0,0,1,0,0,0,0,2025-08-23 11:53:53+00:00,9.852194258148577,False,False
6465037,الملقا,الملقا,Floor,80000.0,687.0,5,,,0,0,0,0,0,0,2025-11-12 17:40:08+00:00,11.289781913656018,False,False
6485513,النرجس,النرجس,Apartments,70000.0,117.0,3,3,2,0,1,1,0,0,0,2025-11-29 15:15:48+00:00,11.156250521031495,False,False
6495106,النرجس,النرجس,Apartments,42000.0,337.0,2,1,1,0,1,0,0,0,0,2025-12-06 14:27:04+00:00,10.645424897265505,False,False
6415538,الغدير,الغدير,Apartments,27000.0,100.0,1,,,0,0,0,0,0,0,2025-10-08 15:16:27+00:00,10.203592144986466,False,False
6485452,الحمراء,الحمراء,Apartments,23000.0,70.0,1,,,0,0,0,0,0,0,2025-11-29 14:39:08+00:00,10.043249494911286,False,False
6415499,الياسمين,الياسمين,Apartments,35000.0,100.0,1,,,0,0,0,0,0,0,2025-10-08 14:53:44+00:00,10.46310334047155,False,False
6415519,اليرموك,اليرموك,Apartments,27000.0,100.0,1,,,0,0,0,0,0,0,2025-10-08 15:07:57+00:00,10.203592144986466,False,False
6469428,الملقا,الملقا,Apartments,28000.0,100.0,1,1,0,0,1,1,0,0,0,2025-11-16 15:21:09+00:00,10.239959789157341,False,False
6493120,الياسمين,الياسمين,Apartments,35000.0,70.0,1,1,1,0,1,1,0,0,0,2025-12-04 14:20:58+00:00,10.46310334047155,False,False
6400137,الياسمين,الياسمين,Apartments,35000.0,100.0,1,1,1,0,1,1,0,0,0,2025-09-27 15:05:59+00:00,10.46310334047155,False,False
6348155,اليرموك,اليرموك,Apartments,27000.0,100.0,1,1,1,0,1,1,0,0,0,2025-08-24 15:01:57+00:00,10.203592144986466,False,False
6515303,الربيع,الربيع,Apartments,75000.0,149.0,4,4,2,0,1,1,0,0,0,2025-12-21 15:08:42+00:00,11.225243392518447,False,False
6462529,النرجس,النرجس,Apartments,85000.0,129.0,3,3,1,0,1,1,0,0,0,2025-11-10 23:06:17+00:00,11.350406535472453,False,False
6475500,العارض,العارض,Apartments,50000.0,520.0,3,2,2,0,1,0,0,0,0,2025-11-20 23:09:08+00:00,10.819778284410283,False,False
6504946,النرجس,النرجس,Floor,120000.0,810.0,4,5,3,1,1,0,0,0,0,2025-12-13 14:54:36+00:00,11.695247021764184,False,False
6510282,ظهره لبن,ظهره لبن,Apartments,35000.0,108.0,3,2,1,0,0,0,0,0,0,2025-12-17 11:02:22+00:00,10.46310334047155,False,False
6479368,النرجس,النرجس,Floor,75000.0,360.0,5,5,2,0,1,0,0,0,0,2025-11-24 15:14:28+00:00,11.225243392518447,False,False
6445149,الشهداء,الشهداء,Apartments,25000.0,100.0,1,1,0,0,1,1,0,0,0,2025-10-29 10:36:08+00:00,10.126631103850338,False,False
6522414,بنبان,بنبان,Floor,43000.0,500.0,2,2,1,0,0,0,0,0,0,2025-12-26 18:57:18+00:00,10.668955394675699,False,False
6393345,الملك فيصل,الملك فيصل,Apartments,24000.0,40.0,1,1,0,0,1,0,0,0,0,2025-09-22 08:30:05+00:00,10.085809109330082,False,False
6393302,الملك فيصل,الملك فيصل,Apartments,30000.0,60.0,1,1,1,0,1,0,0,0,0,2025-09-22 07:59:28+00:00,10.308952660644293,False,False
6372117,اليرموك,اليرموك,Apartments,26000.0,50.0,1,,,0,0,0,0,0,0,2025-09-07 20:22:17+00:00,10.165851817003619,False,False
6343958,الخليج,الخليج,Apartments,19000.0,50.0,1,1,0,0,1,0,0,0,0,2025-08-21 15:59:28+00:00,9.852194258148577,False,False
6519814,السويدي الغربي,السويدي الغربي,Apartments,25000.0,60.0,1,,,0,0,0,0,0,0,2025-12-24 15:29:23+00:00,10.126631103850338,False,False
6395652,الملك فيصل,الملك فيصل,Apartments,24000.0,40.0,1,1,,0,1,0,0,0,0,2025-09-24 08:09:13+00:00,10.085809109330082,False,False
6425723,العارض,العارض,Apartments,55000.0,400.0,2,2,1,0,1,0,0,0,0,2025-10-15 17:49:04+00:00,10.915088464214607,False,False
6520116,السعاده,السعاده,Apartments,30000.0,55.0,1,1,1,0,1,1,0,0,0,2025-12-24 18:16:17+00:00,10.308952660644293,False,False
6504297,الغدير,الغدير,Apartments,33000.0,100.0,1,1,1,0,1,1,0,0,0,2025-12-12 22:07:48+00:00,10.404262840448617,False,False
6504290,الياسمين,الياسمين,Apartments,36000.0,100.0,1,1,1,0,1,1,0,0,0,2025-12-12 21:58:24+00:00,10.491274217438248,False,False
6515660,السعاده,السعاده,Apartments,27000.0,45.0,1,1,0,0,1,1,0,0,0,2025-12-21 18:00:42+00:00,10.203592144986466,False,False
6472466,المروه,المروه,Apartments,20000.0,62.0,1,1,1,0,1,1,0,0,0,2025-11-18 17:02:19+00:00,9.903487552536127,False,False
6516845,اليرموك,اليرموك,Apartments,27000.0,70.0,1,1,1,0,1,1,0,0,0,2025-12-22 14:57:07+00:00,10.203592144986466,False,False
6525397,الملقا,الملقا,Apartments,35000.0,2500.0,1,1,1,0,1,0,0,0,0,2025-12-29 10:27:18+00:00,10.46310334047155,False,True
6492990,لبن,لبن,Apartments,35000.0,55.0,2,1,1,0,1,0,0,0,0,2025-12-04 12:43:28+00:00,10.46310334047155,False,False
6524428,شبرا,شبرا,Floor,45000.0,300.0,7,4,2,0,0,0,0,0,0,2025-12-28 15:05:41+00:00,10.714417768752456,False,False
6405510,المونسيه,المونسيه,Villas,90000.0,260.0,3,1,0,0,0,0,0,0,0,2025-09-30 18:47:29+00:00,11.407564949312402,False,False
6448565,الجنادريه,الجنادريه,Floor,55000.0,172.0,4,3,2,0,0,0,0,0,0,2025-11-01 08:06:12+00:00,10.915088464214607,False,False
6453555,النرجس,النرجس,Apartments,83000.0,98.0,2,2,1,0,1,0,0,0,0,2025-11-04 14:29:17+00:00,11.326595886778735,False,False
6411520,الصحافه,الصحافه,Apartments,35000.0,70.0,1,1,1,1,1,0,0,0,0,2025-10-05 14:17:18+00:00,10.46310334047155,False,False
6499379,الخليج,الخليج,Apartments,28000.0,60.0,1,1,0,0,0,0,0,0,0,2025-12-09 08:11:20+00:00,10.239959789157341,False,False
6393333,الملك فيصل,الملك فيصل,Apartments,23000.0,40.0,1,1,0,0,1,0,0,0,0,2025-09-22 08:19:07+00:00,10.043249494911286,False,False
6327302,النسيم الشرقي,النسيم الشرقي,Apartments,18000.0,30.0,1,1,,0,1,0,0,0,0,2025-08-12 08:56:25+00:00,9.798127036878302,False,False
6513162,النرجس,النرجس,Apartments,95000.0,138.0,4,,,0,0,0,0,0,0,2025-12-19 18:18:16+00:00,11.461632170582678,False,False
6470085,العارض,العارض,Apartments,74000.0,112.0,4,3,1,0,1,1,0,0,0,2025-11-17 04:31:07+00:00,11.211820372186306,False,False
6512890,الصحافه,الصحافه,Apartments,35000.0,80.0,1,1,1,0,1,0,0,0,0,2025-12-19 13:12:01+00:00,10.46310334047155,False,False
6440832,الشفا,الشفا,Apartments,23000.0,60.0,1,,,0,0,0,0,0,0,2025-10-26 13:51:39+00:00,10.043249494911286,False,False
6499555,الندي,الندي,Apartments,56000.0,500.0,2,2,1,0,1,1,0,0,0,2025-12-09 10:47:31+00:00,10.933106969717286,False,False
6519977,السعاده,السعاده,Apartments,42000.0,80.0,2,,,0,0,0,0,0,0,2025-12-24 16:54:43+00:00,10.645424897265505,False,False
6518494,الربوه,الربوه,Apartments,28000.0,75.0,1,1,1,0,1,0,0,0,0,2025-12-23 16:08:32+00:00,10.239959789157341,False,False
6497278,ظهره لبن,ظهره لبن,Apartments,45000.0,450.0,3,2,1,0,0,0,0,0,0,2025-12-07 22:51:13+00:00,10.714417768752456,False,False
6497238,ظهره لبن,ظهره لبن,Apartments,38000.0,420.0,3,2,1,0,0,0,0,0,0,2025-12-07 22:05:21+00:00,10.545341438708522,False,False
6518595,الضباط,الضباط,Apartments,33000.0,591.0,1,1,1,0,1,1,0,0,0,2025-12-23 17:03:37+00:00,10.404262840448617,False,False
6518632,الضباط,الضباط,Apartments,33000.0,591.0,1,1,1,0,1,1,0,0,0,2025-12-23 17:24:29+00:00,10.404262840448617,False,False
6467715,القادسيه,القادسيه,Apartments,60000.0,144.0,3,2,1,0,1,0,0,0,0,2025-11-15 13:07:02+00:00,11.002099841204238,False,False
6484765,غرناطه,غرناطه,Apartments,36000.0,70.0,1,1,1,0,1,0,0,0,0,2025-11-28 18:17:52+00:00,10.491274217438248,False,False
6321080,القدس,القدس,Apartments,70000.0,123.0,3,2,2,0,0,0,0,0,0,2025-08-07 16:04:19+00:00,11.156250521031495,False,False
6474339,اشبيليه,اشبيليه,Apartments,36000.0,512.0,3,2,1,0,0,0,0,0,0,2025-11-20 06:00:27+00:00,10.491274217438248,False,False
6433934,العارض,العارض,Villas,140000.0,260.0,4,5,2,0,1,0,1,0,0,2025-10-21 14:11:57+00:00,11.84939770159144,False,False
6525156,الخليج,الخليج,Apartments,48000.0,333.0,3,2,2,0,0,0,0,0,0,2025-12-29 05:48:38+00:00,10.778956289890028,False,False
6433435,القادسيه,القادسيه,Floor,60000.0,360.0,5,1,0,0,0,0,0,0,0,2025-10-21 09:11:43+00:00,11.002099841204238,False,False
6474374,الياسمين,الياسمين,Apartments,25000.0,170.0,1,,,0,0,0,0,0,0,2025-11-20 06:44:41+00:00,10.126631103850338,False,False
6475514,الملقا,الملقا,Apartments,75000.0,155.0,3,3,1,0,1,1,0,0,0,2025-11-20 23:55:33+00:00,11.225243392518447,False,False
6453471,الرمال,الرمال,Villas,70000.0,300.0,5,1,0,0,1,0,1,1,0,2025-11-04 13:50:13+00:00,11.156250521031495,False,False
6480659,الياسمين,الياسمين,Floor,80000.0,300.0,4,3,1,0,1,0,0,0,0,2025-11-25 13:11:12+00:00,11.289781913656018,False,False
6482984,اشبيليه,اشبيليه,Floor,50000.0,403.0,6,3,1,0,0,0,0,0,0,2025-11-27 06:18:14+00:00,10.819778284410283,False,False
6437372,العقيق,العقيق,Apartments,165000.0,118.0,2,,,0,0,0,0,0,0,2025-10-23 16:10:06+00:00,12.013700752882718,True,False
6515532,الملقا,الملقا,Apartments,95000.0,124.0,3,3,1,0,1,1,0,0,0,2025-12-21 16:53:08+00:00,11.461632170582678,False,False
6481739,الجنادريه,الجنادريه,Villas,69000.0,353.0,,,,0,0,0,0,0,0,2025-11-26 08:15:51+00:00,11.141861783579396,False,False
6488670,حطين,حطين,Apartments,90000.0,154.0,4,1,0,0,0,0,0,0,0,2025-12-01 15:38:09+00:00,11.407564949312402,False,False
6482371,النرجس,النرجس,Apartments,69500.0,97.0,3,1,0,0,0,0,0,0,0,2025-11-26 15:50:54+00:00,11.149082031552883,False,False
6460880,الرمال,الرمال,Apartments,55000.0,159.0,4,3,1,0,1,0,0,0,0,2025-11-09 22:31:54+00:00,10.915088464214607,False,False
6497382,قرطبه,قرطبه,Apartments,68000.0,139.0,3,3,1,0,1,0,0,0,0,2025-12-08 03:12:45+00:00,11.127262984158243,False,False
6525086,منفوحه الجديده,منفوحه الجديده,Apartments,26000.0,239.0,3,,,0,0,0,0,0,0,2025-12-29 02:13:08+00:00,10.165851817003619,False,False
6461572,عرقه,عرقه,Apartments,45000.0,100.0,1,1,1,0,1,1,0,0,0,2025-11-10 12:58:12+00:00,10.714417768752456,False,False
6503012,المروج,المروج,Villas,350000.0,479.0,4,5,2,0,1,1,1,1,0,2025-12-11 15:13:10+00:00,12.765688433465597,True,False
6520440,العقيق,العقيق,Apartments,29000.0,100.0,1,1,,0,1,1,0,0,0,2025-12-25 00:53:25+00:00,10.275051108968611,False,False
6522607,ظهره لبن,ظهره لبن,Apartments,36000.0,120.0,1,1,1,1,1,1,0,0,0,2025-12-26 23:38:28+00:00,10.491274217438248,False,False
6522593,الدار البيضاء,الدار البيضاء,Apartments,33000.0,500.0,4,2,1,0,0,0,0,0,0,2025-12-26 23:18:09+00:00,10.404262840448617,False,False
6522589,الدار البيضاء,الدار البيضاء,Floor,40000.0,250.0,5,3,1,0,0,0,0,0,0,2025-12-26 23:10:31+00:00,10.596634733096073,False,False
6524973,النرجس,النرجس,Apartments,90000.0,150.0,3,,,0,0,0,0,0,0,2025-12-28 21:03:25+00:00,11.407564949312402,False,False
6485955,قرطبه,قرطبه,Apartments,60000.0,158.0,4,3,1,0,1,1,0,0,0,2025-11-29 19:25:43+00:00,11.002099841204238,False,False
6493110,القادسيه,القادسيه,Villas,150000.0,348.0,4,,,0,0,0,0,0,0,2025-12-04 14:14:20+00:00,11.918390573078392,False,False
6524796,عكاظ,عكاظ,Apartments,42000.0,104.0,2,3,1,0,0,0,0,0,0,2025-12-28 18:37:16+00:00,10.645424897265505,False,False
6447222,المروج,المروج,Floor,85000.0,425.0,3,,,0,0,0,0,0,0,2025-10-30 16:49:49+00:00,11.350406535472453,False,False
6524735,العارض,العارض,Apartments,80000.0,130.0,3,3,1,0,1,0,0,0,0,2025-12-28 18:04:30+00:00,11.289781913656018,False,False
6524726,عكاظ,عكاظ,Floor,35000.0,159.0,3,1,3,0,0,0,0,0,0,2025-12-28 18:00:10+00:00,10.46310334047155,False,False
6524708,العارض,العارض,Apartments,70000.0,140.0,3,3,1,0,1,1,0,0,0,2025-12-28 17:50:42+00:00,11.156250521031495,False,False
6524702,ظهره نمار,ظهره نمار,Apartments,26000.0,900.0,4,2,1,0,0,0,0,0,0,2025-12-28 17:48:39+00:00,10.165851817003619,False,False
6524666,ظهره لبن,ظهره لبن,Apartments,45000.0,450.0,2,,,0,0,0,0,0,0,2025-12-28 17:26:13+00:00,10.714417768752456,False,False
6524658,العقيق,العقيق,Apartments,50000.0,100.0,1,1,0,1,1,0,0,0,0,2025-12-28 17:22:24+00:00,10.819778284410283,False,False
6524654,العارض,العارض,Apartments,35000.0,327.0,2,1,1,0,1,0,0,0,0,2025-12-28 17:19:35+00:00,10.46310334047155,False,False
6437995,الصحافه,الصحافه,Apartments,37000.0,80.0,1,1,1,0,1,1,0,0,0,2025-10-24 04:58:37+00:00,10.51867319162636,False,False
6519081,العقيق,العقيق,Apartments,30000.0,50.0,1,1,0,0,1,0,0,0,0,2025-12-24 05:53:49+00:00,10.308952660644293,False,False
6510389,الصحافه,الصحافه,Apartments,66000.0,150.0,4,3,1,0,1,0,0,0,0,2025-12-17 12:28:10+00:00,11.097410021008562,False,False
6514525,النرجس,النرجس,Apartments,60000.0,630.0,3,2,1,0,1,0,0,0,0,2025-12-20 23:02:52+00:00,11.002099841204238,False,False
6523173,النرجس,النرجس,Apartments,70000.0,117.0,3,3,1,0,1,0,0,0,0,2025-12-27 15:31:20+00:00,11.156250521031495,False,False
6393294,الملك فيصل,الملك فيصل,Apartments,29000.0,60.0,1,1,1,0,1,0,0,0,0,2025-09-22 07:54:03+00:00,10.275051108968611,False,False
6346025,الخليج,الخليج,Apartments,26000.0,50.0,1,1,1,0,1,0,0,0,0,2025-08-23 11:55:51+00:00,10.165851817003619,False,False
6514155,الزهره,الزهره,Floor,40000.0,300.0,4,3,1,0,0,0,0,0,0,2025-12-20 17:13:21+00:00,10.596634733096073,False,False
6427703,الياسمين,الياسمين,Floor,75000.0,390.0,3,1,0,0,0,0,0,0,0,2025-10-17 00:43:45+00:00,11.225243392518447,False,False
6465090,حطين,حطين,Apartments,50000.0,378.0,2,2,1,0,1,0,0,0,0,2025-11-12 18:13:30+00:00,10.819778284410283,False,False
6432960,قرطبه,قرطبه,Apartments,30000.0,70.0,1,1,1,0,0,0,0,0,0,2025-10-20 20:53:56+00:00,10.308952660644293,False,False
6491564,المونسيه,المونسيه,Villas,78000.0,380.0,7,3,1,0,1,0,0,0,0,2025-12-03 13:10:08+00:00,11.26446410567173,False,False
6299241,الشرق,الشرق,Floor,60000.0,153.0,3,4,1,0,0,0,0,0,0,2025-07-24 11:43:51+00:00,11.002099841204238,False,False
6457142,بدر,بدر,Floor,35000.0,240.0,4,3,1,0,0,0,0,0,0,2025-11-06 21:19:58+00:00,10.46310334047155,False,False
6427063,السليمانيه,السليمانيه,Apartments,45000.0,130.0,2,2,1,0,0,1,0,0,0,2025-10-16 15:15:45+00:00,10.714417768752456,False,False
6461895,اشبيليه,اشبيليه,Apartments,60000.0,133.0,4,3,1,0,1,0,0,0,0,2025-11-10 15:34:58+00:00,11.002099841204238,False,False
6434144,السعاده,السعاده,Apartments,50000.0,148.0,4,3,1,0,1,1,0,0,0,2025-10-21 15:41:37+00:00,10.819778284410283,False,False
6388814,السلام,السلام,Apartments,53000.0,500.0,3,2,1,0,1,1,0,0,0,2025-09-18 18:31:16+00:00,10.87804719253426,False,False
6478362,السعاده,السعاده,Villas,75000.0,500.0,6,5,1,0,0,0,0,0,0,2025-11-23 18:35:56+00:00,11.225243392518447,False,False
6336358,الرمال,الرمال,Apartments,50000.0,103.0,2,3,1,0,1,1,0,0,0,2025-08-17 15:09:01+00:00,10.819778284410283,False,False
6509207,النرجس,النرجس,Apartments,115000.0,116.0,3,3,3,1,1,1,0,0,0,2025-12-16 15:06:13+00:00,11.652687407345388,False,False
6488710,ظهره نمار,ظهره نمار,Villas,80000.0,212.0,7,5,2,0,0,0,1,0,0,2025-12-01 15:50:23+00:00,11.289781913656018,False,False
6514973,الروضه,الروضه,Apartments,65000.0,1140.0,2,1,1,0,1,0,0,0,0,2025-12-21 11:52:05+00:00,11.082142548877775,False,True
6408462,الرمال,الرمال,Villas,75000.0,175.0,6,,,0,0,0,0,0,0,2025-10-02 18:58:18+00:00,11.225243392518447,False,False
6404993,بدر,بدر,Villas,50000.0,315.0,5,5,2,1,1,0,1,0,0,2025-09-30 14:34:35+00:00,10.819778284410283,False,False
6524139,غبيره,غبيره,Apartments,27000.0,204.0,3,2,1,0,0,1,0,0,0,2025-12-28 11:54:09+00:00,10.203592144986466,False,False
6489680,النرجس,النرجس,Apartments,65000.0,155.0,4,,,0,0,0,0,0,0,2025-12-02 10:30:06+00:00,11.082142548877775,False,False
6493884,الوادي,الوادي,Apartments,25000.0,20.0,1,1,0,0,1,1,0,0,0,2025-12-05 08:31:37+00:00,10.126631103850338,False,False
6382437,النفل,النفل,Apartments,26000.0,100.0,1,1,0,0,0,0,0,0,0,2025-09-15 04:08:28+00:00,10.165851817003619,False,False
6521428,السعاده,السعاده,Apartments,25000.0,60.0,1,1,0,0,1,1,0,0,0,2025-12-25 16:57:29+00:00,10.126631103850338,False,False
6475797,قرطبه,قرطبه,Apartments,88000.0,150.0,3,4,1,0,1,1,0,0,0,2025-11-21 14:06:31+00:00,11.385092093460344,False,False
6382436,العقيق,العقيق,Apartments,40000.0,100.0,1,1,1,0,0,0,0,0,0,2025-09-15 03:57:40+00:00,10.596634733096073,False,False
6463716,العارض,العارض,Apartments,35000.0,336.0,3,3,,0,1,0,0,0,0,2025-11-11 17:33:03+00:00,10.46310334047155,False,False
6394884,الفلاح,الفلاح,Apartments,34000.0,100.0,1,,,0,0,0,0,0,0,2025-09-23 12:49:43+00:00,10.4341158035983,False,False
6395449,النفل,النفل,Apartments,34000.0,100.0,1,,,0,0,0,0,0,0,2025-09-23 23:20:29+00:00,10.4341158035983,False,False
6341403,الروضه,الروضه,Apartments,73000.0,100.0,3,2,1,0,1,1,0,0,0,2025-08-20 08:19:54+00:00,11.198214720130528,False,False
6445220,الروضه,الروضه,Apartments,68000.0,100.0,3,,,0,0,0,0,0,0,2025-10-29 11:27:59+00:00,11.127262984158243,False,False
6434860,الوادي,الوادي,Apartments,26000.0,100.0,1,1,0,0,0,0,0,0,0,2025-10-21 23:12:16+00:00,10.165851817003619,False,False
6291935,العقيق,العقيق,Apartments,44000.0,100.0,1,1,1,0,1,1,0,0,0,2025-07-18 14:00:31+00:00,10.691944912900398,False,False
6459717,الملقا,الملقا,Apartments,29000.0,100.0,1,1,0,0,1,1,0,0,0,2025-11-09 10:18:02+00:00,10.275051108968611,False,False
6314552,الملقا,الملقا,Apartments,31000.0,100.0,1,1,0,0,1,1,0,0,0,2025-08-03 21:37:45+00:00,10.341742483467284,False,False
6491687,اليرموك,اليرموك,Apartments,27000.0,90.0,1,,,0,0,0,0,0,0,2025-12-03 14:17:50+00:00,10.203592144986466,False,False
6491466,اليرموك,اليرموك,Apartments,24000.0,90.0,1,,,0,0,0,0,0,0,2025-12-03 12:04:58+00:00,10.085809109330082,False,False
6325758,حطين,حطين,Apartments,38000.0,130.0,1,1,1,0,1,1,0,0,0,2025-08-11 11:20:52+00:00,10.545341438708522,False,False
6482118,اشبيليه,اشبيليه,Apartments,28000.0,80.0,1,,,0,0,0,0,0,0,2025-11-26 13:38:37+00:00,10.239959789157341,False,False
6491487,اليرموك,اليرموك,Apartments,22000.0,90.0,1,,,0,0,0,0,0,0,2025-12-03 12:18:56+00:00,9.998797732340453,False,False
6456931,القيروان,القيروان,Apartments,55000.0,138.0,3,3,1,0,1,1,0,0,0,2025-11-06 18:19:05+00:00,10.915088464214607,False,False
6460262,الرمال,الرمال,Apartments,50000.0,143.0,3,3,1,0,0,0,0,0,0,2025-11-09 15:25:35+00:00,10.819778284410283,False,False
6513082,الملك فهد,الملك فهد,Apartments,35000.0,45.0,1,,,0,0,0,0,0,0,2025-12-19 17:07:02+00:00,10.46310334047155,False,False
6485772,الملقا,الملقا,Apartments,75000.0,133.0,4,3,1,1,1,1,0,0,0,2025-11-29 17:29:21+00:00,11.225243392518447,False,False
6517473,اليرموك,اليرموك,Apartments,27000.0,70.0,1,1,1,0,1,0,0,0,0,2025-12-22 20:56:31+00:00,10.203592144986466,False,False
6485817,الملقا,الملقا,Apartments,33000.0,20.0,1,1,0,1,1,0,0,0,0,2025-11-29 17:54:47+00:00,10.404262840448617,False,False
6460829,حطين,حطين,Apartments,27000.0,100.0,1,1,0,0,0,0,0,0,0,2025-11-09 21:21:10+00:00,10.203592144986466,False,False
6514020,القادسيه,القادسيه,Apartments,34000.0,278.0,3,2,1,0,0,0,0,0,0,2025-12-20 15:52:49+00:00,10.4341158035983,False,False
6452414,النرجس,النرجس,Floor,150000.0,209.0,5,4,1,0,1,0,0,0,0,2025-11-03 18:28:48+00:00,11.918390573078392,True,False
6463605,النرجس,النرجس,Apartments,80000.0,105.0,2,2,1,0,1,1,0,0,0,2025-11-11 16:28:07+00:00,11.289781913656018,False,False
6372732,الياسمين,الياسمين,Apartments,130000.0,85.0,3,3,1,0,1,1,0,0,0,2025-09-08 11:35:09+00:00,11.77528972943772,True,False
6498190,المنار,المنار,Apartments,50000.0,162.0,3,2,1,0,1,0,0,0,0,2025-12-08 14:51:05+00:00,10.819778284410283,False,False
6517230,ام الحمام الشرقي,ام الحمام الشرقي,Apartments,30000.0,150.0,1,,,0,0,0,0,0,0,2025-12-22 18:02:53+00:00,10.308952660644293,False,False
6459608,اليرموك,اليرموك,Apartments,46000.0,155.0,3,3,1,0,1,0,0,0,0,2025-11-09 08:52:00+00:00,10.736396675471232,False,False
6519274,الصحافه,الصحافه,Apartments,25000.0,90.0,2,1,0,0,0,0,0,0,0,2025-12-24 09:38:07+00:00,10.126631103850338,False,False
6523370,الملك فيصل,الملك فيصل,Apartments,25000.0,82.0,2,1,1,0,1,0,0,0,0,2025-12-27 17:35:36+00:00,10.126631103850338,False,False
6523157,العارض,العارض,Villas,130000.0,225.0,3,5,2,0,1,0,1,0,0,2025-12-27 15:26:07+00:00,11.77528972943772,False,False
6523331,ظهره لبن,ظهره لبن,Apartments,49990.0,131.0,3,2,1,1,1,1,0,0,0,2025-12-27 17:14:24+00:00,10.819578264407616,False,False
6507909,النهضه,النهضه,Villas,67000.0,780.0,6,,,0,0,0,0,0,0,2025-12-15 15:23:14+00:00,11.112447898373103,False,False
6485110,العقيق,العقيق,Apartments,37000.0,625.0,1,1,0,0,0,0,0,0,0,2025-11-29 09:29:19+00:00,10.51867319162636,False,False
6491856,السعاده,السعاده,Apartments,55000.0,484.0,3,1,0,0,0,0,0,0,0,2025-12-03 15:41:15+00:00,10.915088464214607,False,False
6477385,اشبيليه,اشبيليه,Apartments,35000.0,810.0,3,2,1,0,0,1,0,0,0,2025-11-23 05:07:54+00:00,10.46310334047155,False,False
6496098,قرطبه,قرطبه,Floor,60000.0,600.0,4,3,1,0,0,0,0,0,0,2025-12-07 09:40:40+00:00,11.002099841204238,False,False
6522915,المعكال,المعكال,Apartments,25000.0,204.0,2,2,1,0,0,0,0,0,0,2025-12-27 12:45:15+00:00,10.126631103850338,False,False
6448920,القدس,القدس,Floor,75000.0,523.0,4,3,1,0,1,0,0,0,0,2025-11-01 13:45:18+00:00,11.225243392518447,False,False
6518093,العارض,العارض,Apartments,50000.0,550.0,3,2,1,0,1,0,0,0,0,2025-12-23 12:53:03+00:00,10.819778284410283,False,False
6439838,النرجس,النرجس,Apartments,75000.0,162.0,3,,,0,0,0,0,0,0,2025-10-25 18:40:56+00:00,11.225243392518447,False,False
6509311,النموذجيه,النموذجيه,Apartments,55000.0,204.0,2,1,1,1,1,1,0,0,0,2025-12-16 16:00:58+00:00,10.915088464214607,False,False
6410390,القدس,القدس,Floor,65000.0,546.0,4,5,2,1,1,0,0,0,0,2025-10-04 18:17:21+00:00,11.082142548877775,False,False
6476402,الملز,الملز,Apartments,34000.0,230.0,1,1,1,0,1,0,0,0,0,2025-11-22 09:52:16+00:00,10.4341158035983,False,False
6490969,القادسيه,القادسيه,Villas,120000.0,229.0,5,5,3,0,0,0,0,0,0,2025-12-03 03:37:49+00:00,11.695247021764184,False,False
6478699,اشبيليه,اشبيليه,Apartments,33000.0,390.0,3,1,0,0,0,0,0,0,0,2025-11-24 02:40:32+00:00,10.404262840448617,False,False
6474453,اليرموك,اليرموك,Apartments,32000.0,151.0,3,1,0,0,1,0,0,0,0,2025-11-20 08:06:26+00:00,10.373491181781864,False,False
6479704,المونسيه,المونسيه,Apartments,26400.0,30.0,1,,,0,0,0,0,0,0,2025-11-24 18:17:15+00:00,10.181119289134408,False,False
6474342,اليرموك,اليرموك,Apartments,37500.0,350.0,3,2,1,0,1,0,0,0,0,2025-11-20 06:07:56+00:00,10.532096211958502,False,False
6484577,المونسيه,المونسيه,Apartments,45000.0,132.0,4,2,0,0,0,0,0,0,0,2025-11-28 15:40:30+00:00,10.714417768752456,False,False
6490480,الاندلس,الاندلس,Floor,70000.0,780.0,5,4,1,0,0,0,0,0,0,2025-12-02 17:14:50+00:00,11.156250521031495,False,False
6520319,الياسمين,الياسمين,Apartments,14000.0,910.0,1,1,0,0,1,0,0,0,0,2025-12-24 20:59:55+00:00,9.546812608597396,False,False
6522616,ظهره لبن,ظهره لبن,Apartments,36000.0,120.0,1,1,1,1,1,1,0,0,0,2025-12-27 00:18:18+00:00,10.491274217438248,False,False
6484848,المروج,المروج,Apartments,70000.0,1026.0,3,2,1,0,1,1,0,0,0,2025-11-28 20:24:53+00:00,11.156250521031495,False,True
6489317,الرحمانيه,الرحمانيه,Floor,150000.0,189.0,4,3,1,0,1,0,0,0,0,2025-12-01 22:58:45+00:00,11.918390573078392,True,False
6483923,الجنادريه,الجنادريه,Villas,105000.0,369.0,3,3,1,0,0,0,0,0,0,2025-11-27 19:03:46+00:00,11.56171562913966,False,False
6505079,الرمال,الرمال,Apartments,55000.0,120.0,3,3,1,0,1,1,0,0,0,2025-12-13 15:56:32+00:00,10.915088464214607,False,False
6520359,الاندلس,الاندلس,Apartments,65000.0,130.0,3,3,1,0,1,1,0,0,0,2025-12-24 21:47:01+00:00,11.082142548877775,False,False
6310608,النفل,النفل,Apartments,40000.0,150.0,1,1,0,0,1,1,0,0,0,2025-07-31 20:26:20+00:00,10.596634733096073,False,False
6521966,الياسمين,الياسمين,Apartments,25000.0,30.0,1,,,0,0,0,0,0,0,2025-12-26 11:15:25+00:00,10.126631103850338,False,False
6446180,الياسمين,الياسمين,Apartments,29000.0,100.0,1,1,0,0,1,1,0,0,0,2025-10-29 21:19:51+00:00,10.275051108968611,False,False
6469423,ضاحيه نمار,ضاحيه نمار,Apartments,33900.0,253.0,1,1,1,1,1,0,0,0,0,2025-11-16 15:19:45+00:00,10.431170293368542,False,False
6441373,الوادي,الوادي,Apartments,27000.0,100.0,1,,,0,0,0,0,0,0,2025-10-26 18:12:36+00:00,10.203592144986466,False,False
6469858,التعاون,التعاون,Apartments,31000.0,122.0,1,,,0,0,0,0,0,0,2025-11-16 19:46:24+00:00,10.341742483467284,False,False
6521442,العارض,العارض,Floor,99000.0,203.0,4,5,1,0,1,0,0,0,0,2025-12-25 17:07:09+00:00,11.502875129116727,False,False
6336700,الملقا,الملقا,Apartments,36000.0,70.0,1,1,1,0,1,1,0,0,0,2025-08-17 17:18:42+00:00,10.491274217438248,False,False
6460584,النرجس,النرجس,Floor,80000.0,77.0,2,2,0,0,0,0,0,0,0,2025-11-09 18:06:13+00:00,11.289781913656018,False,False
6491506,اليرموك,اليرموك,Apartments,27000.0,90.0,1,,,0,0,0,0,0,0,2025-12-03 12:30:53+00:00,10.203592144986466,False,False
6506717,عرقه,عرقه,Apartments,85000.0,107.0,2,,,0,0,0,0,0,0,2025-12-14 18:01:12+00:00,11.350406535472453,False,False
6505784,النرجس,النرجس,Apartments,54000.0,1268.0,3,2,1,0,1,1,0,0,0,2025-12-14 08:15:43+00:00,10.896739325546411,False,True
6508672,التعاون,التعاون,Apartments,35000.0,875.0,1,1,0,0,1,1,0,0,0,2025-12-16 08:20:17+00:00,10.46310334047155,False,False
6520897,النرجس,النرجس,Apartments,38000.0,40.0,2,,,0,0,0,0,0,0,2025-12-25 11:31:39+00:00,10.545341438708522,False,False
6510484,الرحمانيه,الرحمانيه,Apartments,185000.0,231.0,2,3,1,1,1,1,0,0,1,2025-12-17 13:33:19+00:00,12.128111104060462,True,False
6510443,الرحمانيه,الرحمانيه,Apartments,330000.0,116.0,2,4,2,0,1,1,0,0,1,2025-12-17 13:06:58+00:00,12.706847933442663,True,False
6509414,الجنادريه,الجنادريه,Villas,100000.0,380.0,4,5,4,0,1,0,0,0,0,2025-12-16 16:52:38+00:00,11.512925464970229,False,False
6508830,النرجس,النرجس,Apartments,95000.0,101.0,3,3,1,1,1,0,0,0,0,2025-12-16 11:04:36+00:00,11.461632170582678,False,False
6508820,العقيق,العقيق,Apartments,90000.0,89.0,2,3,1,1,1,0,0,0,0,2025-12-16 10:59:04+00:00,11.407564949312402,False,False
6511940,الملقا,الملقا,Apartments,113000.0,132.0,3,3,1,1,1,1,0,0,1,2025-12-18 13:19:40+00:00,11.635143097694478,False,False
6512036,الوادي,الوادي,Villas,265000.0,910.0,4,6,2,1,1,0,1,0,0,2025-12-18 14:13:30+00:00,12.487485104968359,True,False
6506846,ظهره لبن,ظهره لبن,Apartments,59995.0,157.0,4,3,1,0,1,1,0,0,0,2025-12-14 19:19:32+00:00,11.002016504398489,False,False
6509324,اليرموك,اليرموك,Apartments,26000.0,50.0,1,1,0,1,1,0,0,0,0,2025-12-16 16:07:39+00:00,10.165851817003619,False,False
6405378,العارض,العارض,Apartments,80000.0,105.0,3,,,0,0,0,0,0,0,2025-09-30 17:35:23+00:00,11.289781913656018,False,False
6490910,العليا,العليا,Apartments,46000.0,60.0,1,1,1,0,1,0,0,0,0,2025-12-02 23:37:53+00:00,10.736396675471232,False,False
6501191,الياسمين,الياسمين,Apartments,105000.0,124.0,3,4,,1,1,1,0,0,0,2025-12-10 12:22:22+00:00,11.56171562913966,False,False
6501119,العارض,العارض,Apartments,75000.0,144.0,3,2,1,0,1,1,0,0,0,2025-12-10 11:22:04+00:00,11.225243392518447,False,False
6495408,الجنادريه,الجنادريه,Villas,80000.0,377.0,,7,3,0,0,0,0,0,0,2025-12-06 17:09:20+00:00,11.289781913656018,False,False
6292965,حطين,حطين,Apartments,27000.0,30.0,1,,,0,0,0,0,0,0,2025-07-19 13:00:27+00:00,10.203592144986466,False,False
6485078,العارض,العارض,Apartments,75000.0,113.0,3,3,1,0,0,0,0,0,0,2025-11-29 08:08:04+00:00,11.225243392518447,False,False
6437721,النرجس,النرجس,Apartments,100000.0,118.0,3,1,0,0,0,0,0,0,0,2025-10-23 19:16:40+00:00,11.512925464970229,False,False
6432800,النرجس,النرجس,Apartments,75000.0,367.0,3,2,1,0,0,0,0,0,0,2025-10-20 18:58:27+00:00,11.225243392518447,False,False
6493424,بنبان,بنبان,Apartments,70000.0,102.0,3,,,0,0,0,0,0,0,2025-12-04 17:27:45+00:00,11.156250521031495,False,False
6509061,الوادي,الوادي,Apartments,70000.0,345.0,4,2,2,0,1,0,0,0,0,2025-12-16 13:44:36+00:00,11.156250521031495,False,False
6519469,الياسمين,الياسمين,Floor,115000.0,118.0,3,,,0,0,0,0,0,0,2025-12-24 11:56:17+00:00,11.652687407345388,False,False
6519800,الياسمين,الياسمين,Floor,49000.0,375.0,3,,,0,0,0,0,0,0,2025-12-24 15:21:04+00:00,10.799575577092764,False,False
6494457,الملقا,الملقا,Apartments,100000.0,102.0,3,,,0,0,0,0,0,0,2025-12-05 20:58:29+00:00,11.512925464970229,False,False
6519714,السليمانيه,السليمانيه,Apartments,85000.0,175.0,3,3,2,0,1,0,0,0,0,2025-12-24 14:50:57+00:00,11.350406535472453,False,False
6485781,العارض,العارض,Apartments,70000.0,143.0,4,,,0,0,0,0,0,0,2025-11-29 17:34:03+00:00,11.156250521031495,False,False
6517640,الازدهار,الازدهار,Apartments,27000.0,50.0,1,1,0,0,1,1,0,0,0,2025-12-23 05:12:14+00:00,10.203592144986466,False,False
6495592,الياسمين,الياسمين,Apartments,65000.0,145.0,3,,,0,0,0,0,0,0,2025-12-06 19:12:00+00:00,11.082142548877775,False,False
6511666,غرناطه,غرناطه,Apartments,68000.0,450.0,3,3,1,1,0,0,0,0,0,2025-12-18 10:03:44+00:00,11.127262984158243,False,False
6455364,الياسمين,الياسمين,Apartments,65000.0,409.0,3,3,2,0,1,1,0,0,0,2025-11-05 16:45:50+00:00,11.082142548877775,False,False
6329211,العارض,العارض,Villas,110000.0,194.0,4,5,1,0,1,0,1,0,0,2025-08-13 10:02:07+00:00,11.608235644774552,False,False
6504083,النرجس,النرجس,Apartments,70000.0,157.0,3,3,1,0,1,1,0,0,0,2025-12-12 17:47:49+00:00,11.156250521031495,False,False
6506333,النموذجيه,النموذجيه,Apartments,55000.0,204.0,2,1,1,0,0,0,0,0,0,2025-12-14 14:49:31+00:00,10.915088464214607,False,False
6457203,المغرزات,المغرزات,Apartments,42000.0,100.0,1,1,1,0,0,0,0,0,0,2025-11-06 23:59:08+00:00,10.645424897265505,False,False
6457206,المغرزات,المغرزات,Apartments,40000.0,100.0,1,1,1,0,0,0,0,0,0,2025-11-07 00:05:21+00:00,10.596634733096073,False,False
6423558,الياسمين,الياسمين,Apartments,42000.0,100.0,1,1,1,0,0,0,0,0,0,2025-10-14 11:19:01+00:00,10.645424897265505,False,False
6441032,التعاون,التعاون,Apartments,38000.0,180.0,1,1,1,0,0,0,0,0,0,2025-10-26 15:20:46+00:00,10.545341438708522,False,False
6438383,القيروان,القيروان,Apartments,63000.0,100.0,2,2,1,0,0,0,0,0,0,2025-10-24 15:28:46+00:00,11.05089000537367,False,False
6475434,المغرزات,المغرزات,Apartments,42000.0,105.0,1,1,1,0,0,0,0,0,0,2025-11-20 20:52:29+00:00,10.645424897265505,False,False
6475464,الوادي,الوادي,Apartments,34000.0,100.0,1,1,1,0,0,0,0,0,0,2025-11-20 21:52:02+00:00,10.4341158035983,False,False
6473415,الملقا,الملقا,Apartments,36000.0,100.0,1,1,1,0,1,1,0,0,0,2025-11-19 13:13:14+00:00,10.491274217438248,False,False
6313371,الديره,الديره,Apartments,28000.0,120.0,2,2,1,0,0,0,0,0,0,2025-08-03 10:32:56+00:00,10.239959789157341,False,False
6293256,القادسيه,القادسيه,Apartments,33000.0,405.0,3,,,0,0,0,0,0,0,2025-07-19 15:58:26+00:00,10.404262840448617,False,False
6444998,حطين,حطين,Apartments,44000.0,110.0,1,1,1,0,1,1,0,0,0,2025-10-29 07:56:38+00:00,10.691944912900398,False,False
6499258,الملقا,الملقا,Apartments,51000.0,100.0,2,1,1,0,1,1,0,0,0,2025-12-09 06:15:13+00:00,10.839580911706463,False,False
6499313,الملقا,الملقا,Apartments,36000.0,100.0,1,1,1,0,1,1,0,0,0,2025-12-09 07:13:31+00:00,10.491274217438248,False,False
6288579,الوادي,الوادي,Apartments,30000.0,100.0,1,1,0,0,0,1,0,0,0,2025-07-16 00:53:28+00:00,10.308952660644293,False,False
6460672,الملقا,الملقا,Apartments,38000.0,100.0,1,1,1,0,1,1,0,0,0,2025-11-09 19:11:25+00:00,10.545341438708522,False,False
6515828,النرجس,النرجس,Apartments,75000.0,525.0,3,,,0,0,0,0,0,0,2025-12-21 19:54:56+00:00,11.225243392518447,False,False
6437288,العقيق,العقيق,Floor,75000.0,171.0,4,2,1,0,1,0,0,0,0,2025-10-23 15:33:51+00:00,11.225243392518447,False,False
6515733,ظهره نمار,ظهره نمار,Floor,45000.0,450.0,5,,,0,0,0,0,0,0,2025-12-21 18:38:20+00:00,10.714417768752456,False,False
6498851,حطين,حطين,Apartments,130000.0,187.0,4,4,2,0,1,1,0,0,0,2025-12-08 19:58:57+00:00,11.77528972943772,True,False
6498399,النفل,النفل,Apartments,32000.0,100.0,1,,,0,0,0,0,0,0,2025-12-08 16:14:45+00:00,10.373491181781864,False,False
6450131,النزهه,النزهه,Apartments,35500.0,150.0,1,1,1,0,1,0,0,0,0,2025-11-02 11:10:03+00:00,10.477287975463508,False,False
6510976,الرمال,الرمال,Apartments,36000.0,65.0,3,,,0,0,0,0,0,0,2025-12-17 18:05:34+00:00,10.491274217438248,False,False
6375002,المرسلات,المرسلات,Apartments,37000.0,375.0,1,1,1,0,1,0,0,0,0,2025-09-09 22:19:56+00:00,10.51867319162636,False,False
6514061,الاندلس,الاندلس,Apartments,28000.0,50.0,1,,,0,0,0,0,0,0,2025-12-20 16:15:55+00:00,10.239959789157341,False,False
6476805,النرجس,النرجس,Apartments,65000.0,103.0,2,3,1,0,1,1,0,0,0,2025-11-22 15:15:16+00:00,11.082142548877775,False,False
6421469,جرير,جرير,Apartments,45000.0,713.0,3,1,1,0,1,0,0,0,0,2025-10-13 06:30:50+00:00,10.714417768752456,False,False
6339977,العقيق,العقيق,Apartments,26000.0,30.0,1,1,0,0,1,0,0,0,0,2025-08-19 13:34:01+00:00,10.165851817003619,False,False
6509361,المروج,المروج,Villas,130000.0,560.0,6,5,2,0,0,0,1,1,0,2025-12-16 16:27:07+00:00,11.77528972943772,False,False
6283408,اليرموك,اليرموك,Apartments,22000.0,55.0,1,1,0,1,1,0,0,0,0,2025-07-12 19:45:46+00:00,9.998797732340453,False,False
6487409,الملقا,الملقا,Apartments,45000.0,200.0,2,1,1,0,1,1,0,0,0,2025-11-30 18:57:48+00:00,10.714417768752456,False,False
6446183,الياسمين,الياسمين,Apartments,38000.0,100.0,1,1,1,0,1,1,0,0,0,2025-10-29 21:23:39+00:00,10.545341438708522,False,False
6469829,المحمديه,المحمديه,Apartments,48000.0,100.0,1,1,1,0,1,0,0,0,0,2025-11-16 19:20:41+00:00,10.778956289890028,False,False
6512499,العارض,العارض,Apartments,90000.0,138.0,3,3,1,1,1,1,0,0,0,2025-12-18 20:01:14+00:00,11.407564949312402,False,False
6490494,القادسيه,القادسيه,Apartments,80000.0,121.0,5,,,0,0,0,0,0,0,2025-12-02 17:22:46+00:00,11.289781913656018,False,False
6501168,عرقه,عرقه,Villas,180000.0,200.0,5,5,4,0,1,0,1,0,0,2025-12-10 11:57:50+00:00,12.100712129872347,False,False
6511796,النرجس,النرجس,Floor,59000.0,270.0,4,3,1,0,1,0,0,0,0,2025-12-18 11:38:49+00:00,10.985292722887856,False,False
6484762,النرجس,النرجس,Villas,200000.0,437.0,7,5,2,0,1,1,1,1,0,2025-11-28 18:16:08+00:00,12.206072645530174,False,False
6511711,القيروان,القيروان,Apartments,56000.0,80.0,1,1,0,0,0,0,0,0,0,2025-12-18 10:45:36+00:00,10.933106969717286,False,False
6505709,النسيم الشرقي,النسيم الشرقي,Apartments,42000.0,384.0,5,3,1,0,0,0,0,0,0,2025-12-14 06:30:25+00:00,10.645424897265505,False,False
6461772,جرير,جرير,Apartments,37000.0,479.0,2,,,0,0,0,0,0,0,2025-11-10 14:31:02+00:00,10.51867319162636,False,False
6460315,القدس,القدس,Apartments,85000.0,144.0,3,,,0,0,0,0,0,0,2025-11-09 15:46:47+00:00,11.350406535472453,False,False
6440632,التعاون,التعاون,Apartments,29000.0,122.0,1,1,0,0,0,0,0,0,0,2025-10-26 11:54:06+00:00,10.275051108968611,False,False
6502919,العليا,العليا,Apartments,55000.0,204.0,2,1,1,0,1,0,0,0,0,2025-12-11 14:13:02+00:00,10.915088464214607,False,False
6492772,الملقا,الملقا,Apartments,70000.0,138.0,3,3,1,0,1,1,0,0,0,2025-12-04 09:46:35+00:00,11.156250521031495,False,False
6433771,طويق,طويق,Apartments,39000.0,171.0,5,4,0,0,0,0,0,0,0,2025-10-21 12:44:21+00:00,10.571316925111784,False,False
6506700,المروج,المروج,Apartments,80000.0,1026.0,3,2,1,0,1,1,0,0,0,2025-12-14 17:52:12+00:00,11.289781913656018,False,True
6494872,اليرموك,اليرموك,Apartments,28000.0,35.0,1,1,1,0,1,1,0,0,0,2025-12-06 11:48:54+00:00,10.239959789157341,False,False
6507485,النرجس,النرجس,Apartments,76000.0,165.0,3,,,0,0,0,0,0,0,2025-12-15 10:51:28+00:00,11.238488619268468,False,False
6502331,العريجاء الوسطي,العريجاء الوسطي,Apartments,22000.0,400.0,3,2,1,0,0,0,0,0,0,2025-12-11 06:29:52+00:00,9.998797732340453,False,False
6384723,العقيق,العقيق,Apartments,56000.0,100.0,2,2,1,0,1,0,0,0,0,2025-09-16 12:09:52+00:00,10.933106969717286,False,False
6463201,الازدهار,الازدهار,Apartments,27000.0,100.0,1,1,0,0,1,0,0,0,0,2025-11-11 13:06:28+00:00,10.203592144986466,False,False
6463259,الازدهار,الازدهار,Apartments,34000.0,100.0,1,1,0,0,1,0,0,0,0,2025-11-11 13:32:40+00:00,10.4341158035983,False,False
6431913,النفل,النفل,Apartments,39000.0,100.0,1,1,1,0,1,0,0,0,0,2025-10-20 11:14:10+00:00,10.571316925111784,False,False
6430432,الفلاح,الفلاح,Apartments,38000.0,100.0,1,1,1,0,1,1,0,0,0,2025-10-19 13:16:17+00:00,10.545341438708522,False,False
6506276,النموذجيه,النموذجيه,Apartments,40000.0,204.0,1,1,1,1,1,1,0,0,0,2025-12-14 14:12:05+00:00,10.596634733096073,False,False
6505998,النفل,النفل,Floor,75000.0,550.0,3,,,0,0,0,0,0,0,2025-12-14 11:30:49+00:00,11.225243392518447,False,False
6414930,النرجس,النرجس,Apartments,70000.0,462.0,3,,1,0,0,0,0,0,0,2025-10-08 08:47:03+00:00,11.156250521031495,False,False
6504910,السليمانيه,السليمانيه,Apartments,58000.0,204.0,2,1,1,0,0,0,0,0,0,2025-12-13 14:34:26+00:00,10.968198289528557,False,False
6400836,المونسيه,المونسيه,Apartments,45000.0,324.0,3,2,1,0,0,0,0,0,0,2025-09-28 01:09:23+00:00,10.714417768752456,False,False
6499798,السويدي,السويدي,Apartments,35000.0,204.0,3,3,1,0,0,0,0,0,0,2025-12-09 13:17:37+00:00,10.46310334047155,False,False
6410785,الريان,الريان,Floor,120000.0,201.0,4,,,0,0,0,0,0,0,2025-10-05 01:59:17+00:00,11.695247021764184,False,False
6420372,مطار الملك خالد الدولي,مطار الملك خالد الدولي,Villas,65000.0,302.0,4,2,1,0,0,0,0,0,0,2025-10-12 13:56:58+00:00,11.082142548877775,False,False
6450891,بنبان,بنبان,Villas,78000.0,625.0,,4,4,1,0,0,0,0,0,2025-11-02 18:13:49+00:00,11.26446410567173,False,False
6474689,العليا,العليا,Apartments,96000.0,200.0,3,3,1,1,1,0,0,0,0,2025-11-20 11:14:08+00:00,11.472103470449973,False,False
6502671,الصحافه,الصحافه,Floor,70000.0,806.0,4,,,0,0,0,0,0,0,2025-12-11 11:56:27+00:00,11.156250521031495,False,False
6468908,الخليج,الخليج,Apartments,21000.0,60.0,1,,,0,0,0,0,0,0,2025-11-16 10:14:50+00:00,9.95227771670556,False,False
6499997,بدر,بدر,Apartments,20000.0,62.0,1,,,0,0,0,0,0,0,2025-12-09 15:04:08+00:00,9.903487552536127,False,False
6497257,الياسمين,الياسمين,Apartments,23000.0,80.0,1,1,0,0,0,0,0,0,0,2025-12-07 22:22:04+00:00,10.043249494911286,False,False
6450438,القدس,القدس,Apartments,23000.0,100.0,1,1,0,0,1,0,0,0,0,2025-11-02 14:16:49+00:00,10.043249494911286,False,False
6496672,العارض,العارض,Apartments,75000.0,140.0,3,2,1,1,0,0,0,0,0,2025-12-07 15:40:30+00:00,11.225243392518447,False,False
6431004,قرطبه,قرطبه,Apartments,90000.0,144.0,3,3,1,1,1,1,0,0,0,2025-10-19 17:38:42+00:00,11.407564949312402,False,False
6401489,قرطبه,قرطبه,Apartments,80000.0,105.0,2,3,1,0,1,0,0,0,0,2025-09-28 13:58:59+00:00,11.289781913656018,False,False
6496371,ظهره لبن,ظهره لبن,Floor,80000.0,750.0,5,2,1,0,1,0,0,0,0,2025-12-07 13:13:36+00:00,11.289781913656018,False,False
6464596,ظهره لبن,ظهره لبن,Apartments,41000.0,131.0,3,3,1,0,0,1,0,0,0,2025-11-12 12:51:28+00:00,10.621327345686446,False,False
6419234,النرجس,النرجس,Apartments,70000.0,144.0,5,,,0,0,0,0,0,0,2025-10-11 17:58:07+00:00,11.156250521031495,False,False
6437938,النرجس,النرجس,Apartments,90000.0,176.0,3,3,1,0,1,1,0,0,0,2025-10-24 00:21:55+00:00,11.407564949312402,False,False
6438159,المروج,المروج,Apartments,70000.0,140.0,3,2,1,0,1,1,0,0,0,2025-10-24 11:55:26+00:00,11.156250521031495,False,False
6493087,الملقا,الملقا,Apartments,28000.0,40.0,1,1,0,0,0,0,0,0,0,2025-12-04 13:57:06+00:00,10.239959789157341,False,False
6403189,العارض,العارض,Apartments,70000.0,107.0,3,,,0,0,0,0,0,0,2025-09-29 14:53:26+00:00,11.156250521031495,False,False
6493509,ظهره لبن,ظهره لبن,Apartments,24000.0,62.0,1,,,0,0,0,0,0,0,2025-12-04 18:29:02+00:00,10.085809109330082,False,False
6473138,الملقا,الملقا,Apartments,60000.0,2428.0,1,2,1,0,1,1,0,0,0,2025-11-19 09:50:45+00:00,11.002099841204238,False,True
6473117,الملقا,الملقا,Apartments,28000.0,2428.0,1,1,0,0,1,1,0,0,0,2025-11-19 09:34:23+00:00,10.239959789157341,False,True
6482477,العارض,العارض,Apartments,45000.0,437.0,4,,,0,0,0,0,0,0,2025-11-26 16:47:23+00:00,10.714417768752456,False,False
6393562,العقيق,العقيق,Apartments,36000.0,40.0,1,1,1,0,1,0,0,0,0,2025-09-22 11:51:45+00:00,10.491274217438248,False,False
6492349,النرجس,النرجس,Apartments,55000.0,130.0,4,,,0,0,0,0,0,0,2025-12-03 20:59:26+00:00,10.915088464214607,False,False
6323427,السليمانيه,السليمانيه,Apartments,22000.0,40.0,1,1,0,0,1,0,0,0,0,2025-08-09 21:06:01+00:00,9.998797732340453,False,False
6489550,الياسمين,الياسمين,Apartments,55000.0,1200.0,2,3,1,0,1,1,0,0,0,2025-12-02 08:28:05+00:00,10.915088464214607,False,True
6447103,النرجس,النرجس,Apartments,120000.0,179.0,5,5,1,0,1,1,0,0,0,2025-10-30 15:35:55+00:00,11.695247021764184,True,False
6456897,المروج,المروج,Floor,85000.0,425.0,5,4,1,0,1,0,0,0,0,2025-11-06 17:53:58+00:00,11.350406535472453,False,False
6324337,النظيم,النظيم,Villas,60000.0,356.0,7,5,2,0,0,0,1,0,0,2025-08-10 14:26:36+00:00,11.002099841204238,False,False
6479335,الرمال,الرمال,Villas,65000.0,300.0,,4,2,0,0,0,0,0,0,2025-11-24 14:55:54+00:00,11.082142548877775,False,False
6308246,الرمال,الرمال,Villas,120000.0,312.0,5,5,1,1,1,0,1,0,0,2025-07-30 12:11:35+00:00,11.695247021764184,False,False
6485890,النرجس,النرجس,Apartments,75000.0,143.0,3,3,2,0,1,1,0,0,0,2025-11-29 18:39:28+00:00,11.225243392518447,False,False
6521395,السعاده,السعاده,Apartments,47000.0,90.0,2,2,1,0,1,1,0,0,0,2025-12-25 16:41:41+00:00,10.757902880692196,False,False
6503197,الروضه,الروضه,Apartments,27000.0,60.0,1,1,1,0,1,0,0,0,0,2025-12-11 17:08:03+00:00,10.203592144986466,False,False
6496120,الحمراء,الحمراء,Apartments,70000.0,220.0,4,2,1,0,0,0,0,0,0,2025-12-07 10:15:13+00:00,11.156250521031495,False,False
6487205,الروضه,الروضه,Apartments,28000.0,60.0,1,1,1,0,1,0,0,0,0,2025-11-30 17:09:19+00:00,10.239959789157341,False,False
6455291,الملك فهد,الملك فهد,Apartments,20000.0,28.0,1,1,,0,1,0,0,0,0,2025-11-05 16:07:19+00:00,9.903487552536127,False,False
6523372,العقيق,العقيق,Apartments,25000.0,30.0,1,1,0,0,1,1,0,0,0,2025-12-27 17:36:00+00:00,10.126631103850338,False,False
6494150,العارض,العارض,Apartments,30000.0,435.0,1,,,0,0,0,0,0,0,2025-12-05 14:54:48+00:00,10.308952660644293,False,False
6437192,الخليج,الخليج,Apartments,40000.0,90.0,3,1,1,0,0,0,0,0,0,2025-10-23 14:49:23+00:00,10.596634733096073,False,False
6480760,الرمال,الرمال,Apartments,45000.0,3167.0,3,1,1,0,0,0,0,0,0,2025-11-25 14:01:42+00:00,10.714417768752456,False,True
6470656,الرمال,الرمال,Apartments,55000.0,178.0,4,,,0,0,0,0,0,0,2025-11-17 12:58:57+00:00,10.915088464214607,False,False
6515108,المونسيه,المونسيه,Apartments,48000.0,600.0,3,2,1,1,0,0,0,0,0,2025-12-21 13:18:41+00:00,10.778956289890028,False,False
6483629,النرجس,النرجس,Apartments,50000.0,450.0,3,,,0,0,0,0,0,0,2025-11-27 15:48:07+00:00,10.819778284410283,False,False
6516719,الملقا,الملقا,Apartments,50000.0,450.0,3,2,1,0,1,0,0,0,0,2025-12-22 13:56:07+00:00,10.819778284410283,False,False
6492124,الروضه,الروضه,Apartments,37000.0,450.0,1,1,1,0,1,0,0,0,0,2025-12-03 18:05:46+00:00,10.51867319162636,False,False
6493177,الياسمين,الياسمين,Apartments,36000.0,70.0,1,1,1,0,1,1,0,0,0,2025-12-04 14:58:26+00:00,10.491274217438248,False,False
6489957,اليرموك,اليرموك,Apartments,23000.0,100.0,1,1,0,0,1,1,0,0,0,2025-12-02 13:19:40+00:00,10.043249494911286,False,False
6473620,الملقا,الملقا,Apartments,28000.0,100.0,1,1,0,0,1,1,0,0,0,2025-11-19 15:02:51+00:00,10.239959789157341,False,False
6516943,النرجس,النرجس,Apartments,85000.0,125.0,3,3,2,1,1,1,0,0,0,2025-12-22 15:43:17+00:00,11.350406535472453,False,False
6485442,الحمراء,الحمراء,Apartments,28000.0,70.0,1,,,0,0,0,0,0,0,2025-11-29 14:34:05+00:00,10.239959789157341,False,False
6445195,الفلاح,الفلاح,Apartments,25000.0,100.0,1,,,0,0,0,0,0,0,2025-10-29 11:16:00+00:00,10.126631103850338,False,False
6503088,الياسمين,الياسمين,Apartments,60000.0,325.0,3,3,1,0,0,0,0,0,0,2025-12-11 15:54:49+00:00,11.002099841204238,False,False
6415691,الشهداء,الشهداء,Apartments,28000.0,100.0,1,1,0,0,0,0,0,0,0,2025-10-08 16:20:29+00:00,10.239959789157341,False,False
6473408,اشبيليه,اشبيليه,Apartments,30000.0,100.0,1,1,1,0,1,1,0,0,0,2025-11-19 13:10:07+00:00,10.308952660644293,False,False
6510516,التعاون,التعاون,Apartments,28000.0,70.0,1,,,0,0,0,0,0,0,2025-12-17 13:41:28+00:00,10.239959789157341,False,False
6475297,القيروان,القيروان,Apartments,85000.0,151.0,3,1,1,0,0,0,0,0,0,2025-11-20 18:19:37+00:00,11.350406535472453,False,False
6377800,حطين,حطين,Apartments,36000.0,70.0,1,1,1,0,0,1,0,0,0,2025-09-11 18:33:21+00:00,10.491274217438248,False,False
6348064,الصحافه,الصحافه,Apartments,28000.0,70.0,1,1,0,0,1,1,0,0,0,2025-08-24 14:33:08+00:00,10.239959789157341,False,False
6494199,النرجس,النرجس,Apartments,85000.0,128.0,3,4,1,0,1,1,0,0,0,2025-12-05 15:43:51+00:00,11.350406535472453,False,False
6408150,الملقا,الملقا,Apartments,17000.0,123.0,3,3,1,1,1,1,0,0,0,2025-10-02 15:25:33+00:00,9.740968623038354,False,False
6510148,النرجس,النرجس,Apartments,70000.0,139.0,3,3,1,0,1,1,0,0,0,2025-12-17 09:16:22+00:00,11.156250521031495,False,False
6510293,ديراب,ديراب,Apartments,38000.0,121.0,4,3,1,0,0,0,0,0,0,2025-12-17 11:09:17+00:00,10.545341438708522,False,False
6519519,العريجاء الغربيه,العريجاء الغربيه,Apartments,22000.0,40.0,1,1,,0,1,1,0,0,0,2025-12-24 12:45:39+00:00,9.998797732340453,False,False
6506357,العليا,العليا,Apartments,32000.0,50.0,1,,,0,0,0,0,0,0,2025-12-14 14:59:10+00:00,10.373491181781864,False,False
6431206,النفل,النفل,Apartments,40000.0,50.0,1,1,0,0,0,0,0,0,0,2025-10-19 19:42:02+00:00,10.596634733096073,False,False
6393315,الملك فيصل,الملك فيصل,Apartments,30000.0,60.0,1,1,1,0,1,0,0,0,0,2025-09-22 08:05:04+00:00,10.308952660644293,False,False
6521652,الشهداء,الشهداء,Apartments,30000.0,159.0,1,,,0,0,0,0,0,0,2025-12-25 20:31:35+00:00,10.308952660644293,False,False
6460668,المونسيه,المونسيه,Apartments,24000.0,50.0,1,,,0,0,0,0,0,0,2025-11-09 19:09:14+00:00,10.085809109330082,False,False
6351725,النسيم الشرقي,النسيم الشرقي,Apartments,18000.0,30.0,1,1,,0,1,0,0,0,0,2025-08-26 13:57:12+00:00,9.798127036878302,False,False
6393514,العقيق,العقيق,Apartments,26000.0,40.0,1,1,,0,1,0,0,0,0,2025-09-22 11:15:14+00:00,10.165851817003619,False,False
6283344,الخليج,الخليج,Apartments,34000.0,95.0,2,1,1,0,1,0,0,0,0,2025-07-12 19:04:59+00:00,10.4341158035983,False,False
6518297,النرجس,النرجس,Apartments,32000.0,40.0,2,,,0,0,0,0,0,0,2025-12-23 14:29:29+00:00,10.373491181781864,False,False
6517255,اليرموك,اليرموك,Apartments,27000.0,100.0,1,,,0,0,0,0,0,0,2025-12-22 18:18:04+00:00,10.203592144986466,False,False
6517237,اليرموك,اليرموك,Apartments,27000.0,100.0,1,1,1,0,1,1,0,0,0,2025-12-22 18:09:56+00:00,10.203592144986466,False,False
6524332,السعاده,السعاده,Apartments,25000.0,40.0,1,1,0,0,1,1,0,0,0,2025-12-28 14:01:11+00:00,10.126631103850338,False,False
6484187,اليرموك,اليرموك,Apartments,72000.0,138.0,4,3,1,0,1,1,0,0,0,2025-11-28 02:52:19+00:00,11.184421397998193,False,False
6448593,الجنادريه,الجنادريه,Floor,45000.0,146.0,4,3,1,0,0,0,0,0,0,2025-11-01 08:44:03+00:00,10.714417768752456,False,False
6434382,النرجس,النرجس,Apartments,50000.0,512.0,3,2,1,0,1,0,0,0,0,2025-10-21 17:18:40+00:00,10.819778284410283,False,False
6442383,الملقا,الملقا,Apartments,80000.0,750.0,2,3,1,1,1,0,0,0,0,2025-10-27 13:25:05+00:00,11.289781913656018,False,False
6498464,النرجس,النرجس,Apartments,85000.0,199.0,3,4,2,0,1,0,0,0,0,2025-12-08 16:47:18+00:00,11.350406535472453,False,False
6523699,النرجس,النرجس,Apartments,60000.0,71.0,1,2,1,0,1,1,0,0,0,2025-12-27 23:46:14+00:00,11.002099841204238,False,False
6491883,اليرموك,اليرموك,Apartments,20000.0,70.0,1,1,0,0,1,1,0,0,0,2025-12-03 15:51:38+00:00,9.903487552536127,False,False
6488595,العارض,العارض,Apartments,33000.0,100.0,1,1,1,0,1,1,0,0,0,2025-12-01 15:08:47+00:00,10.404262840448617,False,False
6439215,الصحافه,الصحافه,Apartments,21000.0,70.0,1,1,0,0,1,1,0,0,0,2025-10-25 12:49:11+00:00,9.95227771670556,False,False
6450128,الملقا,الملقا,Apartments,36000.0,70.0,1,1,1,0,1,1,0,0,0,2025-11-02 11:09:30+00:00,10.491274217438248,False,False
6476555,اليرموك,اليرموك,Apartments,29000.0,100.0,1,1,1,0,1,1,0,0,0,2025-11-22 12:26:20+00:00,10.275051108968611,False,False
6516274,طويق,طويق,Apartments,60000.0,176.0,5,,,1,1,0,0,0,0,2025-12-22 08:53:33+00:00,11.002099841204238,False,False
6459950,العليا,العليا,Apartments,170000.0,1600.0,3,3,1,1,1,1,0,0,0,2025-11-09 12:59:15+00:00,12.043553716032399,True,True
6522858,الصحافه,الصحافه,Floor,70000.0,480.0,5,4,1,0,1,0,0,0,0,2025-12-27 11:48:23+00:00,11.156250521031495,False,False
6491876,النرجس,النرجس,Floor,70000.0,116.0,3,3,1,0,1,0,0,0,0,2025-12-03 15:48:38+00:00,11.156250521031495,False,False
6519669,ام الحمام الشرقي,ام الحمام الشرقي,Apartments,48000.0,204.0,2,1,1,1,1,1,0,0,0,2025-12-24 14:13:14+00:00,10.778956289890028,False,False
6432795,العارض,العارض,Apartments,50000.0,480.0,3,3,0,0,1,0,0,0,0,2025-10-20 18:57:27+00:00,10.819778284410283,False,False
6471962,المونسيه,المونسيه,Apartments,65000.0,137.0,3,3,1,0,1,1,0,0,0,2025-11-18 11:30:36+00:00,11.082142548877775,False,False
6516099,القيروان,القيروان,Apartments,70000.0,111.0,3,2,1,0,1,0,0,0,0,2025-12-22 05:17:14+00:00,11.156250521031495,False,False
6512607,الرمال,الرمال,Apartments,38000.0,70.0,4,,,0,0,0,0,0,0,2025-12-18 23:35:17+00:00,10.545341438708522,False,False
6518881,الشفا,الشفا,Apartments,30000.0,118.0,3,2,1,0,0,0,0,0,0,2025-12-23 20:23:15+00:00,10.308952660644293,False,False
6501859,المصيف,المصيف,Villas,133000.0,262.0,4,5,4,0,1,0,1,1,0,2025-12-10 18:05:16+00:00,11.79810440720389,False,False
6483970,الصحافه,الصحافه,Apartments,30000.0,40.0,1,,,0,0,0,0,0,0,2025-11-27 20:18:04+00:00,10.308952660644293,False,False
6513393,المونسيه,المونسيه,Apartments,22000.0,60.0,1,1,0,0,1,0,0,0,0,2025-12-19 23:55:44+00:00,9.998797732340453,False,False
6416929,النرجس,النرجس,Apartments,66000.0,262.0,2,2,2,0,0,0,0,0,0,2025-10-09 14:26:55+00:00,11.097410021008562,False,False
6521934,السعاده,السعاده,Apartments,42000.0,80.0,2,1,1,0,1,0,0,0,0,2025-12-26 10:41:36+00:00,10.645424897265505,False,False
6521975,السعاده,السعاده,Apartments,25000.0,40.0,1,1,0,0,1,0,0,0,0,2025-12-26 11:25:08+00:00,10.126631103850338,False,False
6520311,الشفا,الشفا,Apartments,30000.0,787.0,3,2,1,0,0,0,0,0,0,2025-12-24 20:50:49+00:00,10.308952660644293,False,False
6333554,الربوه,الربوه,Apartments,75000.0,596.0,3,3,1,0,1,0,0,0,0,2025-08-15 19:18:56+00:00,11.225243392518447,False,False
6463752,اليرموك,اليرموك,Apartments,27000.0,70.0,1,1,1,0,1,1,0,0,0,2025-11-11 17:56:48+00:00,10.203592144986466,False,False
6374391,غرناطه,غرناطه,Villas,140000.0,312.0,5,4,1,0,0,0,0,0,0,2025-09-09 14:33:34+00:00,11.84939770159144,False,False
6438906,عكاظ,عكاظ,Villas,60000.0,392.0,6,5,2,1,1,0,1,0,0,2025-10-25 05:35:53+00:00,11.002099841204238,False,False
6520186,المعذر الشمالي,المعذر الشمالي,Villas,400000.0,650.0,,,,0,0,0,0,0,0,2025-12-24 18:57:20+00:00,12.89921982609012,True,False
6484745,المرسلات,المرسلات,Apartments,35000.0,70.0,1,1,1,0,1,1,0,0,0,2025-11-28 17:59:14+00:00,10.46310334047155,False,False
6423530,الملقا,الملقا,Apartments,35000.0,80.0,1,1,1,0,1,1,0,0,0,2025-10-14 11:05:44+00:00,10.46310334047155,False,False
6517102,الملك فهد,الملك فهد,Apartments,35000.0,45.0,1,,,0,0,0,0,0,0,2025-12-22 16:53:49+00:00,10.46310334047155,False,False
6475286,النرجس,النرجس,Apartments,80000.0,106.0,3,3,2,0,1,1,0,0,0,2025-11-20 18:11:29+00:00,11.289781913656018,False,False
6425995,الياسمين,الياسمين,Floor,75000.0,390.0,5,2,1,0,1,0,0,0,0,2025-10-15 20:39:20+00:00,11.225243392518447,False,False
6461831,الملقا,الملقا,Apartments,90000.0,129.0,3,2,1,0,1,1,0,0,0,2025-11-10 14:57:33+00:00,11.407564949312402,False,False
6439230,اشبيليه,اشبيليه,Apartments,15000.0,100.0,1,1,0,0,1,1,0,0,0,2025-10-25 13:10:21+00:00,9.615805480084347,False,False
6384037,الملك فيصل,الملك فيصل,Apartments,30000.0,50.0,1,1,1,0,1,0,0,0,0,2025-09-15 21:25:14+00:00,10.308952660644293,False,False
6443317,النرجس,النرجس,Apartments,70000.0,77.0,3,2,1,0,1,1,0,0,0,2025-10-27 23:39:30+00:00,11.156250521031495,False,False
6465462,النرجس,النرجس,Apartments,75000.0,143.0,4,3,1,0,1,1,0,0,0,2025-11-13 01:43:01+00:00,11.225243392518447,False,False
6477987,النزهه,النزهه,Floor,100000.0,150.0,3,4,1,0,1,0,0,0,0,2025-11-23 14:58:29+00:00,11.512925464970229,False,False
6517681,القادسيه,القادسيه,Apartments,38000.0,433.0,3,2,1,0,0,0,0,0,0,2025-12-23 06:47:42+00:00,10.545341438708522,False,False
6525089,منفوحه الجديده,منفوحه الجديده,Apartments,26000.0,239.0,3,,,0,0,0,0,0,0,2025-12-29 02:17:03+00:00,10.165851817003619,False,False
6490105,المونسيه,المونسيه,Apartments,85000.0,128.0,3,3,1,0,0,0,0,0,0,2025-12-02 14:15:56+00:00,11.350406535472453,False,False
6513661,العارض,العارض,Floor,65000.0,462.0,4,4,1,0,1,0,0,0,0,2025-12-20 11:53:20+00:00,11.082142548877775,False,False
6522588,العقيق,العقيق,Apartments,55000.0,120.0,1,,1,1,1,1,0,0,0,2025-12-26 23:09:41+00:00,10.915088464214607,False,False
6511338,النرجس,النرجس,Floor,95000.0,144.0,4,3,1,0,1,0,0,0,0,2025-12-17 22:45:20+00:00,11.461632170582678,False,False
6493267,اشبيليه,اشبيليه,Apartments,27000.0,80.0,1,,,0,0,0,0,0,0,2025-12-04 15:49:50+00:00,10.203592144986466,False,False
6515716,الخليج,الخليج,Villas,100000.0,253.0,3,,,0,0,0,0,0,0,2025-12-21 18:28:09+00:00,11.512925464970229,False,False
6472515,الروابي,الروابي,Apartments,45000.0,400.0,3,2,1,0,0,0,0,0,0,2025-11-18 17:33:56+00:00,10.714417768752456,False,False
6504634,الخليج,الخليج,Apartments,25000.0,50.0,1,1,1,0,1,0,0,0,0,2025-12-13 11:22:19+00:00,10.126631103850338,False,False
6492464,النرجس,النرجس,Floor,100000.0,192.0,4,4,1,0,1,0,0,0,0,2025-12-04 00:05:12+00:00,11.512925464970229,False,False
6505268,الياسمين,الياسمين,Apartments,55000.0,300.0,3,2,1,0,1,0,0,0,0,2025-12-13 18:13:24+00:00,10.915088464214607,False,False
6524631,الازدهار,الازدهار,Apartments,23000.0,80.0,1,1,0,0,1,1,0,0,0,2025-12-28 17:06:20+00:00,10.043249494911286,False,False
6503388,العارض,العارض,Apartments,65000.0,95.0,2,2,1,0,1,1,0,0,0,2025-12-11 20:21:30+00:00,11.082142548877775,False,False
6449583,حطين,حطين,Apartments,65000.0,130.0,3,2,1,0,1,0,0,0,0,2025-11-01 20:49:03+00:00,11.082142548877775,False,False
6331517,العقيق,العقيق,Apartments,26000.0,30.0,1,1,,0,1,1,0,0,0,2025-08-14 13:36:49+00:00,10.165851817003619,False,False
6521421,السعاده,السعاده,Apartments,35000.0,75.0,1,1,1,0,1,1,0,0,0,2025-12-25 16:51:29+00:00,10.46310334047155,False,False
6467013,الرمال,الرمال,Villas,75000.0,360.0,,,,0,0,0,0,0,0,2025-11-14 15:21:03+00:00,11.225243392518447,False,False
6521349,النسيم الغربي,النسيم الغربي,Apartments,45000.0,625.0,2,3,1,0,0,0,0,0,0,2025-12-25 16:08:14+00:00,10.714417768752456,False,False
6512516,المونسيه,المونسيه,Apartments,40000.0,240.0,3,2,1,0,1,0,0,0,0,2025-12-18 20:19:07+00:00,10.596634733096073,False,False
6514074,القادسيه,القادسيه,Apartments,34000.0,278.0,3,2,1,0,0,0,0,0,0,2025-12-20 16:24:50+00:00,10.4341158035983,False,False
6471117,الرمال,الرمال,Villas,70000.0,300.0,4,,,0,0,0,0,0,0,2025-11-17 17:22:07+00:00,11.156250521031495,False,False
6518562,الحزم,الحزم,Apartments,26000.0,324.0,3,2,1,0,1,0,0,0,0,2025-12-23 16:47:57+00:00,10.165851817003619,False,False
6289906,النهضه,النهضه,Apartments,30000.0,500.0,1,1,1,0,1,0,0,0,0,2025-07-16 19:26:34+00:00,10.308952660644293,False,False
6374985,اليرموك,اليرموك,Apartments,28000.0,35.0,1,1,1,0,1,1,0,0,0,2025-09-09 21:45:03+00:00,10.239959789157341,False,False
6505551,الرمال,الرمال,Apartments,30000.0,90.0,1,1,1,0,1,0,0,0,0,2025-12-13 22:32:35+00:00,10.308952660644293,False,False
6503631,الندي,الندي,Apartments,60000.0,95.0,3,2,1,0,1,0,0,0,0,2025-12-12 09:47:47+00:00,11.002099841204238,False,False
6492209,السعاده,السعاده,Apartments,80000.0,142.0,3,3,1,1,1,1,0,0,0,2025-12-03 19:04:49+00:00,11.289781913656018,False,False
6374682,السلام,السلام,Apartments,42000.0,510.0,3,3,1,0,1,0,0,0,0,2025-09-09 17:13:34+00:00,10.645424897265505,False,False
6505780,المونسيه,المونسيه,Apartments,75000.0,118.0,2,2,1,1,1,1,0,0,0,2025-12-14 08:09:16+00:00,11.225243392518447,False,False
6511907,الرمال,الرمال,Floor,65000.0,96.0,5,5,1,0,1,0,0,0,0,2025-12-18 12:58:20+00:00,11.082142548877775,False,False
6462858,قرطبه,قرطبه,Apartments,75000.0,480.0,3,2,0,0,0,0,0,0,0,2025-11-11 09:28:05+00:00,11.225243392518447,False,False
6492276,النرجس,النرجس,Apartments,55000.0,130.0,4,,,0,0,0,0,0,0,2025-12-03 20:01:01+00:00,10.915088464214607,False,False
6499243,الندي,الندي,Apartments,57000.0,100.0,2,2,1,0,1,1,0,0,0,2025-12-09 06:00:43+00:00,10.950806546816688,False,False
6491355,قرطبه,قرطبه,Apartments,26000.0,25.0,1,1,0,0,1,0,0,0,0,2025-12-03 10:57:02+00:00,10.165851817003619,False,False
6491618,المونسيه,المونسيه,Villas,130000.0,344.0,5,5,2,0,1,0,1,0,0,2025-12-03 13:46:17+00:00,11.77528972943772,False,False
6312978,القيروان,القيروان,Apartments,31000.0,100.0,1,1,0,0,0,0,0,0,0,2025-08-03 00:31:19+00:00,10.341742483467284,False,False
6312986,القيروان,القيروان,Apartments,42000.0,100.0,1,1,1,0,0,0,0,0,0,2025-08-03 00:45:37+00:00,10.645424897265505,False,False
6521386,السعاده,السعاده,Apartments,47000.0,90.0,2,2,1,0,1,1,0,0,0,2025-12-25 16:37:14+00:00,10.757902880692196,False,False
6489327,النرجس,النرجس,Apartments,38000.0,60.0,1,1,1,0,0,0,0,0,0,2025-12-01 23:13:38+00:00,10.545341438708522,False,False
6493709,الحمراء,الحمراء,Apartments,70000.0,1237.0,3,3,1,0,1,0,0,0,0,2025-12-04 21:44:37+00:00,11.156250521031495,False,True
6395453,القيروان,القيروان,Apartments,55000.0,100.0,2,1,1,0,0,0,0,0,0,2025-09-23 23:38:48+00:00,10.915088464214607,False,False
6506358,الوادي,الوادي,Apartments,36000.0,100.0,1,1,1,0,0,0,0,0,0,2025-12-14 14:59:45+00:00,10.491274217438248,False,False
6440649,الياسمين,الياسمين,Villas,300000.0,450.0,6,,,0,0,0,0,0,0,2025-10-26 12:05:28+00:00,12.611537753638338,True,False
6459719,الملقا,الملقا,Apartments,33000.0,100.0,1,1,0,0,1,1,0,0,0,2025-11-09 10:21:47+00:00,10.404262840448617,False,False
6499203,الملقا,الملقا,Apartments,36000.0,100.0,1,1,1,0,1,1,0,0,0,2025-12-09 04:13:21+00:00,10.491274217438248,False,False
6461952,النرجس,النرجس,Floor,70000.0,274.0,5,4,1,0,1,0,0,0,0,2025-11-10 16:07:43+00:00,11.156250521031495,False,False
6491414,الشهداء,الشهداء,Apartments,30000.0,90.0,1,,,0,0,0,0,0,0,2025-12-03 11:37:21+00:00,10.308952660644293,False,False
6491476,الشهداء,الشهداء,Apartments,25000.0,90.0,1,,,0,0,0,0,0,0,2025-12-03 12:12:18+00:00,10.126631103850338,False,False
6516975,الرمال,الرمال,Apartments,65000.0,178.0,4,3,1,0,1,1,0,0,0,2025-12-22 15:55:17+00:00,11.082142548877775,False,False
6411280,الرمال,الرمال,Apartments,50000.0,116.0,4,,,0,0,0,0,0,0,2025-10-05 11:56:34+00:00,10.819778284410283,False,False
6504109,العارض,العارض,Apartments,85000.0,112.0,3,3,1,0,1,1,0,0,0,2025-12-12 18:08:18+00:00,11.350406535472453,False,False
6346034,الخليج,الخليج,Apartments,26000.0,50.0,1,1,1,0,1,0,0,0,0,2025-08-23 11:59:14+00:00,10.165851817003619,False,False
6485875,اليرموك,اليرموك,Apartments,20000.0,20.0,1,1,0,0,1,0,0,0,0,2025-11-29 18:24:53+00:00,9.903487552536127,False,False
6513955,المونسيه,المونسيه,Apartments,70000.0,85.0,2,3,1,0,1,1,0,0,0,2025-12-20 15:21:25+00:00,11.156250521031495,False,False
6523772,البديعه,البديعه,Floor,110000.0,608.0,6,,,0,0,0,0,0,0,2025-12-28 06:03:05+00:00,11.608235644774552,False,False
6411526,الياسمين,الياسمين,Apartments,105000.0,85.0,3,3,1,0,1,1,0,0,0,2025-10-05 14:20:57+00:00,11.56171562913966,False,False
6445368,النرجس,النرجس,Apartments,46000.0,200.0,3,2,1,0,0,0,0,0,0,2025-10-29 13:17:26+00:00,10.736396675471232,False,False
6331054,النرجس,النرجس,Villas,200000.0,420.0,6,5,2,0,1,0,1,0,0,2025-08-14 08:33:16+00:00,12.206072645530174,False,False
6522989,الروابي,الروابي,Apartments,45000.0,106.0,3,2,1,0,1,0,0,0,0,2025-12-27 13:50:22+00:00,10.714417768752456,False,False
6500509,الندي,الندي,Apartments,57000.0,1525.0,3,3,1,0,1,1,0,0,0,2025-12-09 20:19:06+00:00,10.950806546816688,False,True
6283381,اليرموك,اليرموك,Apartments,22000.0,55.0,1,1,0,0,1,0,0,0,0,2025-07-12 19:24:24+00:00,9.998797732340453,False,False
6412827,القدس,القدس,Apartments,25000.0,30.0,1,,,0,0,0,0,0,0,2025-10-06 13:35:33+00:00,10.126631103850338,False,False
6523134,الملقا,الملقا,Apartments,75000.0,900.0,3,,,0,0,0,0,0,0,2025-12-27 15:11:10+00:00,11.225243392518447,False,False
6523078,القري,القري,Apartments,25000.0,204.0,2,,1,0,0,0,0,0,0,2025-12-27 14:33:43+00:00,10.126631103850338,False,False
6481937,الشهداء,الشهداء,Apartments,19000.0,30.0,1,1,0,0,1,0,0,0,0,2025-11-26 11:09:20+00:00,9.852194258148577,False,False
6522924,السليمانيه,السليمانيه,Apartments,55000.0,204.0,2,2,1,0,1,0,0,0,0,2025-12-27 12:49:09+00:00,10.915088464214607,False,False
6513381,العليا,العليا,Apartments,35000.0,300.0,1,1,1,0,1,0,0,0,0,2025-12-19 23:34:41+00:00,10.46310334047155,False,False
6441188,التعاون,التعاون,Apartments,85000.0,125.0,3,4,1,0,1,0,0,0,0,2025-10-26 16:32:01+00:00,11.350406535472453,False,False
6522829,الحزم,الحزم,Apartments,24000.0,204.0,3,1,1,0,0,0,0,0,0,2025-12-27 11:10:05+00:00,10.085809109330082,False,False
6512817,المروج,المروج,Apartments,28000.0,25.0,1,1,0,0,0,1,0,0,0,2025-12-19 11:51:22+00:00,10.239959789157341,False,False
6514380,الربوه,الربوه,Apartments,65000.0,250.0,3,3,1,0,1,0,0,0,0,2025-12-20 19:47:34+00:00,11.082142548877775,False,False
6511437,القادسيه,القادسيه,Floor,60000.0,229.0,5,3,1,0,0,0,0,0,0,2025-12-18 04:12:24+00:00,11.002099841204238,False,False
6474404,الرمال,الرمال,Villas,80000.0,427.0,6,5,2,0,1,0,1,0,0,2025-11-20 07:16:37+00:00,11.289781913656018,False,False
6490987,النرجس,النرجس,Apartments,55000.0,104.0,3,4,1,0,1,1,0,0,0,2025-12-03 04:13:11+00:00,10.915088464214607,False,False
6490993,الشهداء,الشهداء,Apartments,80000.0,102.0,1,3,4,0,1,1,0,0,0,2025-12-03 04:21:59+00:00,11.289781913656018,False,False
6515836,الياسمين,الياسمين,Apartments,40000.0,147.0,1,1,,1,1,1,0,0,0,2025-12-21 19:59:04+00:00,10.596634733096073,False,False
6455911,الدار البيضاء,الدار البيضاء,Floor,38000.0,384.0,5,2,1,0,0,0,0,0,0,2025-11-06 03:19:16+00:00,10.545341438708522,False,False
6489277,الملقا,الملقا,Apartments,80000.0,137.0,4,3,1,1,1,1,0,0,0,2025-12-01 22:07:45+00:00,11.289781913656018,False,False
6488800,المغرزات,المغرزات,Apartments,95000.0,125.0,3,3,1,0,1,1,0,0,0,2025-12-01 16:39:53+00:00,11.461632170582678,False,False
6485469,الشهداء,الشهداء,Villas,250000.0,312.0,5,,,0,0,0,0,0,0,2025-11-29 14:55:48+00:00,12.429216196844383,True,False
6522314,النهضه,النهضه,Apartments,33000.0,240.0,4,,,0,0,0,0,0,0,2025-12-26 17:14:11+00:00,10.404262840448617,False,False
6522302,ام الحمام الشرقي,ام الحمام الشرقي,Apartments,28000.0,60.0,1,,,0,0,0,0,0,0,2025-12-26 17:03:36+00:00,10.239959789157341,False,False
6397894,السليمانيه,السليمانيه,Apartments,31000.0,30.0,1,,,0,0,0,0,0,0,2025-09-25 14:52:06+00:00,10.341742483467284,False,False
6353438,النرجس,النرجس,Apartments,25000.0,624.0,1,1,,0,1,0,0,0,0,2025-08-27 10:35:54+00:00,10.126631103850338,False,False
6478985,المونسيه,المونسيه,Apartments,80000.0,183.0,3,3,1,1,1,0,0,0,0,2025-11-24 10:53:21+00:00,11.289781913656018,False,False
6484422,المونسيه,المونسيه,Apartments,40000.0,300.0,3,,,0,0,0,0,0,0,2025-11-28 13:01:48+00:00,10.596634733096073,False,False
6516013,ظهره لبن,ظهره لبن,Apartments,49993.0,625.0,3,2,1,0,1,1,0,0,0,2025-12-21 23:04:39+00:00,10.819638274609368,False,False
6394837,النخيل,النخيل,Apartments,32000.0,120.0,1,1,0,0,1,0,0,0,0,2025-09-23 11:57:11+00:00,10.373491181781864,False,False
6465827,العليا,العليا,Apartments,41000.0,100.0,1,1,0,0,1,0,0,0,0,2025-11-13 11:08:55+00:00,10.621327345686446,False,False
6340952,الروضه,الروضه,Apartments,73000.0,100.0,3,2,1,0,1,1,0,0,0,2025-08-19 21:05:08+00:00,11.198214720130528,False,False
6416438,العليا,العليا,Apartments,44000.0,1.0,1,1,1,0,1,1,0,0,0,2025-10-09 08:28:35+00:00,10.691944912900398,False,False
6398304,الجنادريه,الجنادريه,Villas,90000.0,400.0,7,5,2,0,1,0,0,0,0,2025-09-25 18:38:32+00:00,11.407564949312402,False,False
6521495,الربيع,الربيع,Apartments,130000.0,149.0,3,3,1,0,1,1,0,0,0,2025-12-25 17:40:17+00:00,11.77528972943772,True,False
6521423,حطين,حطين,Apartments,78000.0,143.0,3,3,1,0,0,0,0,0,0,2025-12-25 16:51:43+00:00,11.26446410567173,False,False
6469752,ظهره لبن,ظهره لبن,Apartments,55000.0,143.0,2,,1,0,1,1,0,0,0,2025-11-16 18:29:27+00:00,10.915088464214607,False,False
6491933,العارض,العارض,Apartments,60000.0,109.0,3,3,1,0,1,1,0,0,0,2025-12-03 16:16:39+00:00,11.002099841204238,False,False
6521191,الزهراء,الزهراء,Apartments,27000.0,799.0,3,1,1,0,0,0,0,0,0,2025-12-25 14:45:20+00:00,10.203592144986466,False,False
6501943,الياسمين,الياسمين,Apartments,55000.0,546.0,3,,,0,0,0,0,0,0,2025-12-10 19:04:40+00:00,10.915088464214607,False,False
6506691,المحمديه,المحمديه,Apartments,110000.0,131.0,3,3,1,0,1,1,0,0,0,2025-12-14 17:47:27+00:00,11.608235644774552,False,False
6510610,الملقا,الملقا,Apartments,140000.0,158.0,3,3,1,1,1,0,0,0,0,2025-12-17 14:29:24+00:00,11.84939770159144,True,False
6510511,الرحمانيه,الرحمانيه,Apartments,210000.0,147.0,3,3,1,1,1,1,0,0,1,2025-12-17 13:40:45+00:00,12.254862809699606,True,False
6510467,الرحمانيه,الرحمانيه,Apartments,205000.0,116.0,2,3,1,1,1,1,1,0,1,2025-12-17 13:19:49+00:00,12.230765258120545,True,False
6510407,الصحافه,الصحافه,Apartments,150000.0,124.0,3,4,1,1,1,1,0,0,1,2025-12-17 12:40:59+00:00,11.918390573078392,True,False
6508833,الحمراء,الحمراء,Apartments,75000.0,129.0,3,3,1,0,1,0,0,0,0,2025-12-16 11:07:24+00:00,11.225243392518447,False,False
6516537,النرجس,النرجس,Apartments,36000.0,70.0,1,1,1,0,1,1,0,0,0,2025-12-22 12:12:38+00:00,10.491274217438248,False,False
6520826,النرجس,النرجس,Apartments,75000.0,129.0,3,3,1,0,1,1,0,0,0,2025-12-25 10:53:13+00:00,11.225243392518447,False,False
6479364,المروج,المروج,Floor,75000.0,425.0,5,,,0,0,0,0,0,0,2025-11-24 15:11:18+00:00,11.225243392518447,False,False
6485499,النرجس,النرجس,Apartments,90000.0,134.0,4,,,0,0,0,0,0,0,2025-11-29 15:07:36+00:00,11.407564949312402,False,False
6516661,اليرموك,اليرموك,Apartments,75000.0,142.0,3,3,2,0,1,1,0,0,0,2025-12-22 13:26:21+00:00,11.225243392518447,False,False
6514389,الشهداء,الشهداء,Apartments,30000.0,106.0,1,,,0,0,0,0,0,0,2025-12-20 19:57:51+00:00,10.308952660644293,False,False
6507051,الخليج,الخليج,Apartments,25000.0,50.0,1,1,1,0,1,0,0,0,0,2025-12-14 22:31:27+00:00,10.126631103850338,False,False
6490233,الاندلس,الاندلس,Apartments,30000.0,50.0,1,1,1,0,1,0,0,0,0,2025-12-02 15:02:26+00:00,10.308952660644293,False,False
6458673,النرجس,النرجس,Apartments,45000.0,100.0,2,1,1,0,1,1,0,0,0,2025-11-08 15:00:54+00:00,10.714417768752456,False,False
6507571,الرمال,الرمال,Apartments,48000.0,102.0,2,3,1,0,1,1,0,0,0,2025-12-15 11:54:36+00:00,10.778956289890028,False,False
6366685,الغدير,الغدير,Villas,230000.0,300.0,4,5,0,0,0,0,0,0,0,2025-09-04 08:20:03+00:00,12.345834587905333,False,False
6501140,النفل,النفل,Apartments,45000.0,713.0,3,2,2,0,1,0,0,0,0,2025-12-10 11:34:27+00:00,10.714417768752456,False,False
6519731,الملقا,الملقا,Apartments,60000.0,110.0,2,,,0,0,0,0,0,0,2025-12-24 14:57:55+00:00,11.002099841204238,False,False
6515409,القيروان,القيروان,Floor,95000.0,80.0,4,4,1,0,1,0,0,0,0,2025-12-21 15:52:09+00:00,11.461632170582678,False,False
6519613,الملك عبدالله,الملك عبدالله,Apartments,45000.0,120.0,3,,,0,0,0,0,0,0,2025-12-24 13:49:03+00:00,10.714417768752456,False,False
6459903,النرجس,النرجس,Floor,65000.0,274.0,3,3,2,0,0,0,0,0,0,2025-11-09 12:22:18+00:00,11.082142548877775,False,False
6493832,الملقا,الملقا,Villas,130000.0,161.0,5,,,0,0,0,0,0,0,2025-12-05 03:24:21+00:00,11.77528972943772,False,False
6491698,العارض,العارض,Apartments,65000.0,103.0,3,,,0,0,0,0,0,0,2025-12-03 14:25:51+00:00,11.082142548877775,False,False
6513986,النرجس,النرجس,Apartments,60000.0,160.0,3,3,2,0,1,1,0,0,0,2025-12-20 15:34:52+00:00,11.002099841204238,False,False
6425284,النرجس,النرجس,Apartments,75000.0,150.0,5,2,1,1,1,0,0,0,0,2025-10-15 14:22:56+00:00,11.225243392518447,False,False
6422063,الرحمانيه,الرحمانيه,Apartments,150000.0,113.0,2,3,1,1,1,1,0,0,0,2025-10-13 13:26:17+00:00,11.918390573078392,True,False
6343491,المهديه,المهديه,Apartments,22000.0,30.0,1,1,0,0,1,0,0,0,0,2025-08-21 11:26:54+00:00,9.998797732340453,False,False
6503380,العارض,العارض,Villas,90000.0,168.0,3,4,3,0,1,0,0,0,0,2025-12-11 20:13:32+00:00,11.407564949312402,False,False
6433009,النرجس,النرجس,Apartments,85000.0,144.0,2,3,2,0,1,1,0,0,0,2025-10-20 21:40:49+00:00,11.350406535472453,False,False
6516192,النرجس,النرجس,Apartments,70000.0,145.0,3,3,1,0,1,1,0,0,0,2025-12-22 07:36:30+00:00,11.156250521031495,False,False
6482432,النرجس,النرجس,Villas,190000.0,375.0,5,5,5,0,1,0,1,1,0,2025-11-26 16:21:47+00:00,12.154779351142624,False,False
6518537,حطين,حطين,Apartments,150000.0,145.0,4,,,0,0,0,0,0,0,2025-12-23 16:31:59+00:00,11.918390573078392,True,False
6518420,المونسيه,المونسيه,Apartments,28000.0,300.0,2,1,1,0,1,0,0,0,0,2025-12-23 15:36:30+00:00,10.239959789157341,False,False
6490230,المونسيه,المونسيه,Apartments,50000.0,875.0,3,,,0,0,0,0,0,0,2025-12-02 15:01:09+00:00,10.819778284410283,False,False
6491930,ظهره لبن,ظهره لبن,Apartments,36000.0,130.0,3,,,0,0,0,0,0,0,2025-12-03 16:15:36+00:00,10.491274217438248,False,False
6389224,القادسيه,القادسيه,Floor,80000.0,212.0,4,,,0,0,0,0,0,0,2025-09-19 10:04:10+00:00,11.289781913656018,False,False
6518137,السعاده,السعاده,Apartments,40000.0,197.0,4,3,2,0,0,1,0,0,0,2025-12-23 13:20:19+00:00,10.596634733096073,False,False
6514168,الدريهميه,الدريهميه,Apartments,25000.0,100.0,3,2,0,0,0,0,0,0,0,2025-12-20 17:19:11+00:00,10.126631103850338,False,False
6517982,القيروان,القيروان,Apartments,45000.0,80.0,1,,,0,0,0,0,0,0,2025-12-23 11:17:32+00:00,10.714417768752456,False,False
6423487,اليرموك,اليرموك,Apartments,18000.0,75.0,1,1,0,0,0,0,0,0,0,2025-10-14 10:36:52+00:00,9.798127036878302,False,False
6496361,النرجس,النرجس,Villas,95000.0,194.0,4,4,2,0,1,0,0,0,0,2025-12-07 13:06:05+00:00,11.461632170582678,False,False
6423678,الياسمين,الياسمين,Apartments,33000.0,100.0,1,1,0,0,0,0,0,0,0,2025-10-14 12:26:40+00:00,10.404262840448617,False,False
6441064,التعاون,التعاون,Apartments,42000.0,180.0,1,1,1,0,0,0,0,0,0,2025-10-26 15:33:50+00:00,10.645424897265505,False,False
6423757,القيروان,القيروان,Apartments,48000.0,180.0,1,1,1,0,0,0,0,0,0,2025-10-14 13:15:14+00:00,10.778956289890028,False,False
6475469,الوادي,الوادي,Apartments,30000.0,100.0,1,1,0,0,0,0,0,0,0,2025-11-20 21:57:03+00:00,10.308952660644293,False,False
6475483,المصيف,المصيف,Apartments,40000.0,90.0,1,1,1,0,0,0,0,0,0,2025-11-20 22:12:39+00:00,10.596634733096073,False,False
6496599,المحمديه,المحمديه,Apartments,100000.0,115.0,3,2,1,0,1,0,0,0,0,2025-12-07 15:08:34+00:00,11.512925464970229,False,False
6435956,الرمال,الرمال,Villas,70000.0,372.0,5,5,3,1,1,0,0,0,0,2025-10-22 16:58:59+00:00,11.156250521031495,False,False
6507331,الرمال,الرمال,Floor,65000.0,137.0,3,1,2,0,1,0,0,0,0,2025-12-15 08:32:19+00:00,11.082142548877775,False,False
6502810,الجنادريه,الجنادريه,Villas,75000.0,375.0,4,5,1,0,0,0,0,0,0,2025-12-11 13:16:57+00:00,11.225243392518447,False,False
6449913,الملقا,الملقا,Apartments,63000.0,100.0,1,1,1,1,1,1,0,0,0,2025-11-02 08:08:16+00:00,11.05089000537367,False,False
6487284,الملقا,الملقا,Apartments,49000.0,100.0,1,1,1,0,1,1,0,0,0,2025-11-30 17:58:59+00:00,10.799575577092764,False,False
6445023,الملقا,الملقا,Apartments,47000.0,100.0,1,1,1,1,1,1,0,0,0,2025-10-29 08:26:32+00:00,10.757902880692196,False,False
6461955,الملقا,الملقا,Apartments,28000.0,100.0,1,1,0,0,1,1,0,0,0,2025-11-10 16:10:13+00:00,10.239959789157341,False,False
6444982,العقيق,العقيق,Apartments,42000.0,150.0,1,1,1,0,1,1,0,0,0,2025-10-29 07:29:36+00:00,10.645424897265505,False,False
6497882,الملقا,الملقا,Apartments,38000.0,100.0,1,1,1,0,1,1,0,0,0,2025-12-08 12:18:16+00:00,10.545341438708522,False,False
6439401,المونسيه,المونسيه,Villas,140000.0,250.0,4,,,0,0,0,0,0,0,2025-10-25 15:01:25+00:00,11.84939770159144,False,False
6466669,المهديه,المهديه,Apartments,36000.0,150.0,2,2,1,0,0,0,0,0,0,2025-11-14 01:42:50+00:00,10.491274217438248,False,False
6452615,حطين,حطين,Apartments,60000.0,84.0,3,3,1,1,1,1,0,0,0,2025-11-03 20:58:16+00:00,11.002099841204238,False,False
6422989,ظهره لبن,ظهره لبن,Apartments,40000.0,750.0,4,3,1,0,0,0,0,0,0,2025-10-13 21:16:27+00:00,10.596634733096073,False,False
6491982,النرجس,النرجس,Apartments,38000.0,70.0,2,1,0,0,1,1,0,0,0,2025-12-03 16:40:53+00:00,10.545341438708522,False,False
6454171,العقيق,العقيق,Apartments,40000.0,637.0,3,1,1,0,1,0,0,0,0,2025-11-04 20:22:26+00:00,10.596634733096073,False,False
6380648,النهضه,النهضه,Apartments,20000.0,500.0,1,1,0,0,1,0,0,0,0,2025-09-13 22:16:52+00:00,9.903487552536127,False,False
6506410,العارض,العارض,Apartments,43000.0,418.0,3,,,0,0,0,0,0,0,2025-12-14 15:26:19+00:00,10.668955394675699,False,False
6509344,المونسيه,المونسيه,Apartments,80000.0,141.0,4,,,0,0,0,0,0,0,2025-12-16 16:18:50+00:00,11.289781913656018,False,False
6491164,العليا,العليا,Apartments,32000.0,100.0,1,1,0,0,1,0,0,0,0,2025-12-03 08:11:47+00:00,10.373491181781864,False,False
6468894,الورود,الورود,Apartments,40000.0,100.0,1,1,1,0,1,0,0,0,0,2025-11-16 10:01:09+00:00,10.596634733096073,False,False
6507822,الزهراء,الزهراء,Apartments,34000.0,60.0,2,1,1,0,1,1,0,0,0,2025-12-15 14:39:36+00:00,10.4341158035983,False,False
6511500,العارض,العارض,Villas,160000.0,324.0,4,,,0,0,0,0,0,0,2025-12-18 07:16:48+00:00,11.982929094215963,False,False
6462367,النرجس,النرجس,Apartments,65000.0,136.0,3,,,0,0,0,0,0,0,2025-11-10 19:59:23+00:00,11.082142548877775,False,False
6503326,الورود,الورود,Villas,130000.0,177.0,4,3,1,0,1,0,0,0,0,2025-12-11 19:17:09+00:00,11.77528972943772,False,False
6504984,القيروان,القيروان,Apartments,60000.0,170.0,3,,1,1,1,1,0,0,0,2025-12-13 15:13:19+00:00,11.002099841204238,False,False
6501226,النزهه,النزهه,Apartments,30000.0,60.0,1,,,0,0,0,0,0,0,2025-12-10 12:45:43+00:00,10.308952660644293,False,False
6479261,القيروان,القيروان,Apartments,48000.0,375.0,3,,,0,0,0,0,0,0,2025-11-24 14:07:13+00:00,10.778956289890028,False,False
6511105,القدس,القدس,Apartments,58000.0,135.0,3,,,0,0,0,0,0,0,2025-12-17 19:08:49+00:00,10.968198289528557,False,False
6435673,عكاظ,عكاظ,Villas,50000.0,360.0,,5,5,0,0,0,0,0,0,2025-10-22 15:07:13+00:00,10.819778284410283,False,False
6335622,النزهه,النزهه,Apartments,24000.0,30.0,1,1,0,0,1,1,0,0,0,2025-08-17 07:50:29+00:00,10.085809109330082,False,False
6346036,الخليج,الخليج,Apartments,26000.0,50.0,1,1,1,0,1,0,0,0,0,2025-08-23 12:00:38+00:00,10.165851817003619,False,False
6482537,الشرق,الشرق,Apartments,50000.0,171.0,4,,,0,0,0,0,0,0,2025-11-26 17:22:40+00:00,10.819778284410283,False,False
6482534,الشرق,الشرق,Apartments,50000.0,171.0,4,,,0,0,0,0,0,0,2025-11-26 17:20:04+00:00,10.819778284410283,False,False
6285072,المصيف,المصيف,Apartments,27000.0,100.0,1,1,0,0,0,0,0,0,0,2025-07-14 01:19:53+00:00,10.203592144986466,False,False
6467230,المروج,المروج,Apartments,70000.0,1026.0,3,2,1,0,1,1,0,0,0,2025-11-14 20:15:16+00:00,11.156250521031495,False,True
6506280,النموذجيه,النموذجيه,Apartments,28000.0,204.0,1,1,,1,1,1,0,0,0,2025-12-14 14:14:12+00:00,10.239959789157341,False,False
6490787,الرمال,الرمال,Villas,70000.0,300.0,,,,0,0,0,0,0,0,2025-12-02 20:50:29+00:00,11.156250521031495,False,False
6354903,الرمال,الرمال,Apartments,31000.0,356.0,3,,,0,0,0,0,0,0,2025-08-28 04:46:30+00:00,10.341742483467284,False,False
6505337,المروج,المروج,Apartments,80000.0,1026.0,3,2,1,0,1,1,0,0,0,2025-12-13 19:07:07+00:00,11.289781913656018,False,True
6500482,ظهره لبن,ظهره لبن,Apartments,35000.0,250.0,3,,,0,0,0,0,0,0,2025-12-09 19:54:24+00:00,10.46310334047155,False,False
6500299,النرجس,النرجس,Apartments,45000.0,325.0,3,2,1,0,1,0,0,0,0,2025-12-09 17:47:27+00:00,10.714417768752456,False,False
6499991,بدر,بدر,Apartments,22600.0,62.0,1,,,0,0,0,0,0,0,2025-12-09 15:01:39+00:00,10.025705185260378,False,False
6499901,بدر,بدر,Villas,50000.0,300.0,6,5,2,0,0,0,1,0,0,2025-12-09 13:59:17+00:00,10.819778284410283,False,False
6488306,العارض,العارض,Apartments,50000.0,900.0,4,,,0,0,0,0,0,0,2025-12-01 13:16:52+00:00,10.819778284410283,False,False
6437846,الحزم,الحزم,Apartments,24000.0,60.0,1,1,1,0,1,1,0,0,0,2025-10-23 21:39:25+00:00,10.085809109330082,False,False
6458141,المروج,المروج,Floor,85000.0,425.0,5,3,1,0,1,0,0,0,0,2025-11-08 05:44:38+00:00,11.350406535472453,False,False
6496111,الرمال,الرمال,Apartments,60000.0,180.0,3,4,1,0,1,0,0,0,0,2025-12-07 09:57:29+00:00,11.002099841204238,False,False
6446665,الصحافه,الصحافه,Apartments,180000.0,144.0,3,,,0,0,0,0,0,0,2025-10-30 10:47:43+00:00,12.100712129872347,True,False
6481728,المروج,المروج,Apartments,78000.0,107.0,3,1,0,0,0,0,0,0,0,2025-11-26 07:52:49+00:00,11.26446410567173,False,False
6438573,المصيف,المصيف,Apartments,34000.0,60.0,1,1,1,0,0,0,0,0,0,2025-10-24 18:33:29+00:00,10.4341158035983,False,False
6331551,العقيق,العقيق,Apartments,26000.0,30.0,1,1,,0,1,1,0,0,0,2025-08-14 13:53:59+00:00,10.165851817003619,False,False
6459893,النرجس,النرجس,Floor,65000.0,274.0,4,,,0,0,0,0,0,0,2025-11-09 12:17:23+00:00,11.082142548877775,False,False
6489973,النرجس,النرجس,Floor,95000.0,450.0,6,,,0,0,0,0,0,0,2025-12-02 13:29:48+00:00,11.461632170582678,False,False
6405275,المهديه,المهديه,Apartments,48000.0,141.0,3,3,1,0,1,0,0,0,0,2025-09-30 16:51:55+00:00,10.778956289890028,False,False
6488995,المصيف,المصيف,Apartments,80000.0,114.0,2,,,0,0,0,0,0,0,2025-12-01 18:24:35+00:00,11.289781913656018,False,False
6400188,العقيق,العقيق,Villas,160000.0,296.0,,,,0,0,0,0,0,0,2025-09-27 15:36:49+00:00,11.982929094215963,False,False
6485904,القادسيه,القادسيه,Apartments,38000.0,250.0,3,,,0,0,0,0,0,0,2025-11-29 18:50:40+00:00,10.545341438708522,False,False
6442594,الملقا,الملقا,Apartments,90000.0,130.0,3,4,1,0,1,1,0,0,0,2025-10-27 15:02:05+00:00,11.407564949312402,False,False
6472633,المهديه,المهديه,Apartments,32000.0,393.0,3,2,1,0,0,0,0,0,0,2025-11-18 18:58:16+00:00,10.373491181781864,False,False
6385035,الواحه,الواحه,Villas,400000.0,955.0,,,,0,0,0,0,0,0,2025-09-16 14:47:56+00:00,12.89921982609012,True,False
6380010,السويدي,السويدي,Villas,70000.0,251.0,6,4,0,0,0,0,0,0,0,2025-09-13 15:54:07+00:00,11.156250521031495,False,False
6511034,اليرموك,اليرموك,Apartments,20000.0,40.0,1,1,0,0,0,0,0,0,0,2025-12-17 18:33:25+00:00,9.903487552536127,False,False
6476957,العليا,العليا,Apartments,28000.0,40.0,1,1,0,0,0,0,0,0,0,2025-11-22 16:49:48+00:00,10.239959789157341,False,False
6458492,الياسمين,الياسمين,Floor,75000.0,390.0,3,,,0,0,0,0,0,0,2025-11-08 13:05:00+00:00,11.225243392518447,False,False
6525362,النرجس,النرجس,Apartments,73000.0,119.0,3,1,0,0,0,0,0,0,0,2025-12-29 09:58:04+00:00,11.198214720130528,False,False
6525437,الندي,الندي,Apartments,70000.0,171.0,2,3,1,0,1,1,0,0,0,2025-12-29 10:56:15+00:00,11.156250521031495,False,False
6293878,الضباط,الضباط,Apartments,42000.0,100.0,1,1,0,1,1,1,0,0,0,2025-07-20 02:04:31+00:00,10.645424897265505,False,False
6523384,المونسيه,المونسيه,Apartments,18000.0,50.0,1,1,0,0,1,1,0,0,0,2025-12-27 17:46:37+00:00,9.798127036878302,False,False
6525611,غرناطه,غرناطه,Apartments,25000.0,55.0,1,1,0,0,1,0,0,0,0,2025-12-29 12:32:34+00:00,10.126631103850338,False,False
6523897,الياسمين,الياسمين,Apartments,23000.0,30.0,1,1,0,0,1,0,0,0,0,2025-12-28 08:40:13+00:00,10.043249494911286,False,False
6519888,الخليج,الخليج,Apartments,27000.0,100.0,1,1,1,0,0,0,0,0,0,2025-12-24 16:04:22+00:00,10.203592144986466,False,False
6431531,الرمال,الرمال,Villas,85000.0,348.0,,,,0,0,0,0,0,0,2025-10-20 05:16:19+00:00,11.350406535472453,False,False
6519649,المونسيه,المونسيه,Apartments,23000.0,25.0,1,1,,0,1,0,0,0,0,2025-12-24 14:04:32+00:00,10.043249494911286,False,False
6462917,النرجس,النرجس,Apartments,65000.0,136.0,3,2,1,0,0,1,0,0,0,2025-11-11 10:04:14+00:00,11.082142548877775,False,False
6503979,القادسيه,القادسيه,Apartments,38000.0,433.0,3,,,0,0,0,0,0,0,2025-12-12 16:29:39+00:00,10.545341438708522,False,False
6327969,العقيق,العقيق,Apartments,36000.0,60.0,1,1,1,0,1,1,0,0,0,2025-08-12 15:15:10+00:00,10.491274217438248,False,False
6524720,القادسيه,القادسيه,Apartments,85000.0,173.0,3,2,1,0,0,0,0,0,0,2025-12-28 17:57:41+00:00,11.350406535472453,False,False
6445172,الغدير,الغدير,Apartments,36000.0,100.0,1,,,0,0,0,0,0,0,2025-10-29 11:04:02+00:00,10.491274217438248,False,False
6415527,الصحافه,الصحافه,Apartments,36000.0,100.0,1,,,0,0,0,0,0,0,2025-10-08 15:12:50+00:00,10.491274217438248,False,False
6485457,اشبيليه,اشبيليه,Apartments,29000.0,100.0,1,,,0,0,0,0,0,0,2025-11-29 14:44:15+00:00,10.275051108968611,False,False
6477939,الزهراء,الزهراء,Apartments,48000.0,50.0,1,1,1,1,1,0,0,0,0,2025-11-23 14:29:46+00:00,10.778956289890028,False,False
6518236,القيروان,القيروان,Apartments,29000.0,100.0,1,1,0,0,1,1,0,0,0,2025-12-23 14:00:40+00:00,10.275051108968611,False,False
6379777,الياسمين,الياسمين,Apartments,37000.0,70.0,1,,,0,0,0,0,0,0,2025-09-13 14:14:56+00:00,10.51867319162636,False,False
6494240,النرجس,النرجس,Apartments,80000.0,128.0,3,4,1,0,1,1,0,0,0,2025-12-05 16:23:34+00:00,11.289781913656018,False,False
6461462,المونسيه,المونسيه,Apartments,24000.0,50.0,1,,,0,0,0,0,0,0,2025-11-10 11:56:37+00:00,10.085809109330082,False,False
6451522,النرجس,النرجس,Apartments,85000.0,129.0,3,3,1,0,1,1,0,0,0,2025-11-03 09:36:08+00:00,11.350406535472453,False,False
6503007,الملقا,الملقا,Apartments,26000.0,20.0,1,,,0,0,0,0,0,0,2025-12-11 15:11:03+00:00,10.165851817003619,False,False
6474830,العارض,العارض,Apartments,75000.0,137.0,3,3,2,0,1,1,0,0,0,2025-11-20 13:08:36+00:00,11.225243392518447,False,False
6331557,اشبيليه,اشبيليه,Apartments,17000.0,30.0,1,1,,0,1,1,0,0,0,2025-08-14 13:59:43+00:00,9.740968623038354,False,False
6445150,الياسمين,الياسمين,Apartments,35000.0,100.0,1,1,1,0,0,1,0,0,0,2025-10-29 10:37:58+00:00,10.46310334047155,False,False
6445413,النرجس,النرجس,Apartments,65000.0,140.0,3,3,2,0,1,1,0,0,0,2025-10-29 13:36:54+00:00,11.082142548877775,False,False
6285425,الخليج,الخليج,Apartments,21000.0,55.0,1,1,0,0,1,0,0,0,0,2025-07-14 10:54:36+00:00,9.95227771670556,False,False
6414837,الملقا,الملقا,Apartments,45000.0,42.0,1,1,0,0,1,1,0,0,0,2025-10-08 07:14:40+00:00,10.714417768752456,False,False
6454813,العارض,العارض,Apartments,45000.0,460.0,3,2,1,0,1,0,0,0,0,2025-11-05 12:17:07+00:00,10.714417768752456,False,False
6489634,القادسيه,القادسيه,Villas,130000.0,348.0,5,,,0,0,0,0,0,0,2025-12-02 09:55:06+00:00,11.77528972943772,False,False
6506003,القيروان,القيروان,Apartments,100000.0,728.0,4,3,1,0,1,0,0,0,0,2025-12-14 11:34:08+00:00,11.512925464970229,False,False
6510576,المونسيه,المونسيه,Apartments,70000.0,85.0,4,3,1,0,1,1,0,0,0,2025-12-17 14:10:25+00:00,11.156250521031495,False,False
6523295,الربوه,الربوه,Villas,130000.0,2500.0,4,,,0,0,0,0,0,0,2025-12-27 16:44:29+00:00,11.77528972943772,False,True
6507913,النرجس,النرجس,Apartments,35000.0,40.0,2,1,0,0,1,1,0,0,0,2025-12-15 15:26:16+00:00,10.46310334047155,False,False
6283034,اليرموك,اليرموك,Apartments,31000.0,75.0,1,1,1,0,1,1,0,0,0,2025-07-12 16:17:35+00:00,10.341742483467284,False,False
6504288,التعاون,التعاون,Apartments,36000.0,100.0,1,1,1,0,1,1,0,0,0,2025-12-12 21:54:30+00:00,10.491274217438248,False,False
6325965,العارض,العارض,Apartments,70000.0,142.0,3,3,1,0,1,1,0,0,0,2025-08-11 13:35:43+00:00,11.156250521031495,False,False
6515724,السعاده,السعاده,Apartments,30000.0,55.0,1,,,0,0,0,0,0,0,2025-12-21 18:31:43+00:00,10.308952660644293,False,False
6438161,المروج,المروج,Apartments,70000.0,140.0,3,2,1,0,1,1,0,0,0,2025-10-24 11:57:23+00:00,11.156250521031495,False,False
6424828,العليا,العليا,Apartments,105000.0,1600.0,1,2,1,1,1,1,0,0,0,2025-10-15 09:04:05+00:00,11.56171562913966,False,True
6457516,الصحافه,الصحافه,Apartments,65000.0,139.0,3,2,2,0,1,1,0,0,0,2025-11-07 13:22:46+00:00,11.082142548877775,False,False
6523684,النرجس,النرجس,Apartments,95000.0,137.0,3,3,1,0,1,1,0,0,0,2025-12-27 22:58:17+00:00,11.461632170582678,False,False
6454986,النخيل,النخيل,Apartments,85000.0,875.0,4,3,1,0,1,0,0,0,0,2025-11-05 13:52:09+00:00,11.350406535472453,False,False
6508321,السويدي,السويدي,Apartments,30000.0,60.0,2,,,0,0,0,0,0,0,2025-12-15 19:33:26+00:00,10.308952660644293,False,False
6518524,اليرموك,اليرموك,Apartments,28000.0,70.0,1,1,1,0,1,1,0,0,0,2025-12-23 16:23:56+00:00,10.239959789157341,False,False
6453506,اليرموك,اليرموك,Apartments,31000.0,70.0,1,1,1,1,1,1,0,0,0,2025-11-04 14:04:18+00:00,10.341742483467284,False,False
6482203,الملقا,الملقا,Apartments,37000.0,100.0,1,1,1,0,1,1,0,0,0,2025-11-26 14:24:48+00:00,10.51867319162636,False,False
6439212,المونسيه,المونسيه,Apartments,27000.0,100.0,1,1,1,0,1,1,0,0,0,2025-10-25 12:45:38+00:00,10.203592144986466,False,False
6476597,العقيق,العقيق,Apartments,28000.0,100.0,1,1,0,0,0,0,0,0,0,2025-11-22 13:06:09+00:00,10.239959789157341,False,False
6458558,الياسمين,الياسمين,Apartments,70000.0,149.0,4,,,0,0,0,0,0,0,2025-11-08 13:48:42+00:00,11.156250521031495,False,False
6499315,القدس,القدس,Apartments,25000.0,40.0,1,,,0,0,0,0,0,0,2025-12-09 07:15:00+00:00,10.126631103850338,False,False
6510575,المونسيه,المونسيه,Apartments,70000.0,247.0,3,,,0,0,0,0,0,0,2025-12-17 14:10:04+00:00,11.156250521031495,False,False
6327312,اليرموك,اليرموك,Apartments,26000.0,50.0,1,1,1,0,1,1,0,0,0,2025-08-12 09:08:09+00:00,10.165851817003619,False,False
6393337,الملك فيصل,الملك فيصل,Apartments,23000.0,40.0,1,,,0,1,0,0,0,0,2025-09-22 08:23:53+00:00,10.043249494911286,False,False
6494186,النرجس,النرجس,Apartments,70000.0,140.0,3,,,0,0,0,0,0,0,2025-12-05 15:33:56+00:00,11.156250521031495,False,False
6491855,النرجس,النرجس,Floor,85000.0,178.0,3,3,2,0,1,0,0,0,0,2025-12-03 15:40:20+00:00,11.350406535472453,False,False
6444180,الصحافه,الصحافه,Floor,73000.0,168.0,3,3,2,1,1,0,0,0,0,2025-10-28 14:54:11+00:00,11.198214720130528,False,False
6491823,النرجس,النرجس,Floor,100000.0,172.0,3,3,2,0,1,0,0,0,0,2025-12-03 15:28:04+00:00,11.512925464970229,False,False
6493913,عرقه,عرقه,Apartments,80000.0,121.0,2,3,1,0,1,1,0,0,0,2025-12-05 09:59:24+00:00,11.289781913656018,False,False
6519310,المصيف,المصيف,Apartments,24000.0,40.0,1,,,0,0,0,0,0,0,2025-12-24 10:09:26+00:00,10.085809109330082,False,False
6478456,اشبيليه,اشبيليه,Apartments,30000.0,100.0,1,1,1,0,1,1,0,0,0,2025-11-23 19:38:59+00:00,10.308952660644293,False,False
6496607,العريجاء الغربيه,العريجاء الغربيه,Apartments,24000.0,62.0,1,1,1,0,1,0,0,0,0,2025-12-07 15:10:37+00:00,10.085809109330082,False,False
6503271,الندي,الندي,Apartments,60000.0,95.0,3,,,0,0,0,0,0,0,2025-12-11 18:22:08+00:00,11.002099841204238,False,False
6484031,قرطبه,قرطبه,Apartments,40000.0,360.0,3,,,0,0,0,0,0,0,2025-11-27 21:33:01+00:00,10.596634733096073,False,False
6508870,المصيف,المصيف,Apartments,23000.0,55.0,1,1,0,0,1,0,0,0,0,2025-12-16 11:41:42+00:00,10.043249494911286,False,False
6514529,العريجاء الغربيه,العريجاء الغربيه,Villas,70000.0,200.0,5,,,0,0,0,0,0,0,2025-12-20 23:19:30+00:00,11.156250521031495,False,False
6520328,عكاظ,عكاظ,Apartments,38000.0,167.0,3,3,2,0,0,0,0,0,0,2025-12-24 21:10:26+00:00,10.545341438708522,False,False
6450622,الضباط,الضباط,Apartments,44000.0,591.0,2,1,1,0,1,1,0,0,0,2025-11-02 15:50:00+00:00,10.691944912900398,False,False
6333615,الضباط,الضباط,Apartments,65000.0,529.0,2,2,1,0,1,0,0,0,0,2025-08-15 20:18:54+00:00,11.082142548877775,False,False
6436543,طويق,طويق,Floor,50000.0,197.0,5,3,1,0,0,0,0,0,0,2025-10-23 04:12:52+00:00,10.819778284410283,False,False
6409628,النرجس,النرجس,Apartments,65000.0,150.0,3,2,1,0,1,1,0,0,0,2025-10-04 08:16:46+00:00,11.082142548877775,False,False
6474423,اشبيليه,اشبيليه,Apartments,24000.0,810.0,3,1,0,0,0,1,0,0,0,2025-11-20 07:36:31+00:00,10.085809109330082,False,False
6525166,الخليج,الخليج,Apartments,48000.0,333.0,3,2,2,0,0,0,0,0,0,2025-12-29 06:06:16+00:00,10.778956289890028,False,False
6500963,العارض,العارض,Apartments,100000.0,168.0,5,,,0,0,0,0,0,0,2025-12-10 09:05:14+00:00,11.512925464970229,False,False
6479587,النرجس,النرجس,Apartments,85000.0,375.0,4,2,1,0,1,0,0,0,0,2025-11-24 17:09:40+00:00,11.350406535472453,False,False
6523204,النفل,النفل,Floor,85000.0,336.0,2,3,2,0,1,0,0,0,0,2025-12-27 15:46:10+00:00,11.350406535472453,False,False
6525155,اشبيليه,اشبيليه,Apartments,40000.0,500.0,4,2,1,0,0,0,0,0,0,2025-12-29 05:47:21+00:00,10.596634733096073,False,False
6525146,اليرموك,اليرموك,Apartments,40000.0,151.0,3,2,1,0,1,0,0,0,0,2025-12-29 05:28:31+00:00,10.596634733096073,False,False
6283694,اليرموك,اليرموك,Apartments,22000.0,60.0,1,1,0,0,1,0,0,0,0,2025-07-13 00:29:47+00:00,9.998797732340453,False,False
6386764,المرسلات,المرسلات,Apartments,37000.0,375.0,1,1,1,0,1,0,0,0,0,2025-09-17 14:45:18+00:00,10.51867319162636,False,False
6507183,اليرموك,اليرموك,Apartments,38000.0,648.0,4,2,1,0,0,0,0,0,0,2025-12-15 04:52:35+00:00,10.545341438708522,False,False
6489373,اليرموك,اليرموك,Apartments,47000.0,151.0,3,2,2,0,1,1,0,0,0,2025-12-02 01:46:24+00:00,10.757902880692196,False,False
6501562,العارض,العارض,Apartments,50000.0,106.0,3,,,0,0,0,0,0,0,2025-12-10 15:14:41+00:00,10.819778284410283,False,False
6491219,المعيزله,المعيزله,Apartments,38000.0,75.0,3,2,1,0,1,0,0,0,0,2025-12-03 09:00:11+00:00,10.545341438708522,False,False
6431566,المونسيه,المونسيه,Villas,100000.0,324.0,7,5,1,0,0,0,0,0,0,2025-10-20 06:11:35+00:00,11.512925464970229,False,False
6387591,الرمال,الرمال,Apartments,65000.0,126.0,3,3,1,0,1,0,0,0,0,2025-09-17 23:15:52+00:00,11.082142548877775,False,False
6500343,الرمال,الرمال,Apartments,34200.0,500.0,2,1,1,0,0,0,0,0,0,2025-12-09 18:15:13+00:00,10.439980923050696,False,False
6500348,الرمال,الرمال,Apartments,60000.0,92.0,4,3,1,0,0,1,0,0,0,2025-12-09 18:24:09+00:00,11.002099841204238,False,False
6525085,منفوحه الجديده,منفوحه الجديده,Apartments,26000.0,239.0,3,,,0,0,0,0,0,0,2025-12-29 02:11:16+00:00,10.165851817003619,False,False
6470692,الياسمين,الياسمين,Apartments,50000.0,870.0,4,3,1,0,1,0,0,0,0,2025-11-17 13:23:49+00:00,10.819778284410283,False,False
6384457,حطين,حطين,Apartments,65000.0,435.0,3,1,1,0,0,0,0,0,0,2025-09-16 08:55:40+00:00,11.082142548877775,False,False
6522596,العقيق,العقيق,Apartments,36000.0,100.0,1,1,,1,1,1,0,0,0,2025-12-26 23:23:13+00:00,10.491274217438248,False,False
6515644,الرفيعه,الرفيعه,Apartments,10000.0,179.0,1,1,0,0,0,0,0,0,0,2025-12-21 17:52:14+00:00,9.210340371976184,False,False
6507915,النفل,النفل,Apartments,35000.0,80.0,1,,,0,0,0,0,0,0,2025-12-15 15:27:09+00:00,10.46310334047155,False,False
6521086,اليرموك,اليرموك,Apartments,30000.0,70.0,1,1,1,0,0,0,0,0,0,2025-12-25 13:52:27+00:00,10.308952660644293,False,False
6470985,الملقا,الملقا,Apartments,90000.0,103.0,3,,,0,0,0,0,0,0,2025-11-17 16:09:50+00:00,11.407564949312402,False,False
6522433,الوادي,الوادي,Apartments,65000.0,375.0,3,2,0,0,1,0,0,0,0,2025-12-26 19:18:52+00:00,11.082142548877775,False,False
6490035,الملقا,الملقا,Apartments,48000.0,2428.0,1,1,1,0,1,1,0,0,0,2025-12-02 13:55:09+00:00,10.778956289890028,False,True
6462483,العارض,العارض,Apartments,60000.0,103.0,2,3,1,0,1,1,0,0,0,2025-11-10 21:48:55+00:00,11.002099841204238,False,False
6481613,التعاون,التعاون,Apartments,29000.0,122.0,1,,,0,0,0,0,0,0,2025-11-26 00:38:16+00:00,10.275051108968611,False,False
6518920,الياسمين,الياسمين,Apartments,43000.0,150.0,4,2,1,0,1,0,0,0,0,2025-12-23 21:10:36+00:00,10.668955394675699,False,False
6419564,النرجس,النرجس,Apartments,56000.0,127.0,3,3,1,0,1,1,0,0,0,2025-10-11 23:17:24+00:00,10.933106969717286,False,False
6494430,الياسمين,الياسمين,Floor,80000.0,180.0,6,3,1,0,1,0,0,0,0,2025-12-05 20:00:11+00:00,11.289781913656018,False,False
6524548,السعاده,السعاده,Apartments,47000.0,148.0,4,4,1,0,1,1,0,0,0,2025-12-28 16:05:30+00:00,10.757902880692196,False,False
6418774,الملقا,الملقا,Apartments,80000.0,140.0,3,3,1,0,0,1,0,0,0,2025-10-11 13:22:27+00:00,11.289781913656018,False,False
6479836,التعاون,التعاون,Apartments,100000.0,184.0,4,5,2,0,1,0,0,0,0,2025-11-24 20:02:43+00:00,11.512925464970229,False,False
6518670,عكاظ,عكاظ,Floor,50000.0,400.0,7,,,0,0,0,0,0,0,2025-12-23 17:44:32+00:00,10.819778284410283,False,False
6479668,النرجس,النرجس,Apartments,45000.0,450.0,3,2,1,0,0,0,0,0,0,2025-11-24 18:00:10+00:00,10.714417768752456,False,False
6431321,النفل,النفل,Apartments,46000.0,100.0,1,1,1,0,1,0,0,0,0,2025-10-19 21:52:33+00:00,10.736396675471232,False,False
6524472,طويق,طويق,Apartments,16000.0,52.0,1,1,0,0,1,0,0,0,0,2025-12-28 15:31:54+00:00,9.680344001221918,False,False
6479253,النرجس,النرجس,Apartments,80000.0,106.0,3,,,0,0,0,0,0,0,2025-11-24 14:00:52+00:00,11.289781913656018,False,False
6483951,الصحافه,الصحافه,Apartments,30000.0,40.0,1,,,0,0,0,0,0,0,2025-11-27 19:39:15+00:00,10.308952660644293,False,False
6500215,الياسمين,الياسمين,Apartments,55000.0,300.0,3,2,1,0,0,0,0,0,0,2025-12-09 17:01:57+00:00,10.915088464214607,False,False
6422285,الرمال,الرمال,Villas,75000.0,300.0,,,,0,0,0,0,0,0,2025-10-13 15:13:18+00:00,11.225243392518447,False,False
6362124,القيروان,القيروان,Floor,75000.0,601.0,4,5,1,0,1,0,0,0,0,2025-09-01 17:29:34+00:00,11.225243392518447,False,False
6514276,اليرموك,اليرموك,Apartments,30000.0,75.0,1,1,1,0,0,0,0,0,0,2025-12-20 18:32:20+00:00,10.308952660644293,False,False
6493251,القادسيه,القادسيه,Villas,70000.0,300.0,6,4,1,0,1,0,0,0,0,2025-12-04 15:42:48+00:00,11.156250521031495,False,False
6497880,المونسيه,المونسيه,Apartments,55000.0,119.0,4,3,1,0,1,0,0,0,0,2025-12-08 12:15:41+00:00,10.915088464214607,False,False
6512132,ظهره لبن,ظهره لبن,Floor,75000.0,750.0,2,2,2,0,0,0,0,0,0,2025-12-18 15:15:48+00:00,11.225243392518447,False,False
6524360,عكاظ,عكاظ,Floor,31000.0,91.0,4,3,1,0,0,0,0,0,0,2025-12-28 14:16:19+00:00,10.341742483467284,False,False
6512382,السعاده,السعاده,Apartments,35000.0,277.0,2,2,1,0,0,0,0,0,0,2025-12-18 18:04:21+00:00,10.46310334047155,False,False
6512335,السعاده,السعاده,Villas,120000.0,277.0,6,6,1,0,0,0,0,0,0,2025-12-18 17:32:02+00:00,11.695247021764184,False,False
6485896,السعاده,السعاده,Apartments,19000.0,625.0,1,1,,0,1,0,0,0,0,2025-11-29 18:42:42+00:00,9.852194258148577,False,False
6430713,الروضه,الروضه,Floor,60000.0,540.0,5,3,1,0,1,0,0,0,0,2025-10-19 15:22:24+00:00,11.002099841204238,False,False
6479414,النرجس,النرجس,Apartments,135000.0,132.0,3,4,1,1,0,0,0,0,0,2025-11-24 15:38:56+00:00,11.813030057420567,True,False
6508978,اليرموك,اليرموك,Apartments,35000.0,1300.0,3,2,1,0,1,0,0,0,0,2025-12-16 12:54:07+00:00,10.46310334047155,False,True
6524224,الندي,الندي,Apartments,55000.0,1525.0,3,2,1,0,1,1,0,0,0,2025-12-28 12:52:14+00:00,10.915088464214607,False,True
6475806,قرطبه,قرطبه,Floor,68000.0,625.0,5,3,1,0,1,0,0,0,0,2025-11-21 14:17:31+00:00,11.127262984158243,False,False
6507337,الوادي,الوادي,Apartments,28000.0,100.0,1,,,0,0,0,0,0,0,2025-12-15 08:43:05+00:00,10.239959789157341,False,False
6500371,قرطبه,قرطبه,Floor,65000.0,360.0,6,3,1,0,1,0,0,0,0,2025-12-09 18:45:33+00:00,11.082142548877775,False,False
6470069,التعاون,التعاون,Apartments,28000.0,122.0,1,,,0,0,0,0,0,0,2025-11-17 03:29:50+00:00,10.239959789157341,False,False
6385867,القيروان,القيروان,Apartments,42000.0,100.0,1,1,1,0,0,0,0,0,0,2025-09-16 23:16:11+00:00,10.645424897265505,False,False
6341093,الروضه,الروضه,Apartments,76000.0,100.0,3,2,1,0,0,0,0,0,0,2025-08-19 23:08:24+00:00,11.238488619268468,False,False
6511657,النرجس,النرجس,Apartments,80000.0,129.0,4,,,0,0,0,0,0,0,2025-12-18 09:58:27+00:00,11.289781913656018,False,False
